User;Scene;Img;Ans
User0;Green;GreenGray;1.3
User0;Orange;OrangeBlack;0.7
User0;Red;RedBlack;1.7
User0;Orange;OrangeViolet;3
User0;Yellow;YellowRed;2.3
User0;Gray;GrayViolet;2
User0;Blue;BlueViolet;1.3
User0;Blue;BlueYellow;1.3
User0;Yellow;YellowViolet;1.3
User0;Orange;OrangeGreen;1
User0;Violet;VioletGray;0.7
User0;Gray;GrayGreen;2
User0;Blue;BlueBlack;2.7
User0;White;WhiteGreen;1.7
User0;Red;RedOrange;2.7
User0;Blue;BlueGreen;3
User0;Yellow;YellowGray;1.7
User0;Black;BlackGreen;2.3
User0;Red;RedGreen;0.7
User0;Orange;OrangeRed;2.7
User0;Black;BlackBlue;2.5
User0;Red;RedViolet;2.3
User0;Gray;GrayWhite;1
User0;White;WhiteViolet;2
User0;Orange;OrangeYellow;1.7
User0;Black;BlackViolet;3
User0;Yellow;YellowOrange;2
User0;Black;BlackWhite;2.3
User0;Blue;BlueWhite;3.3
User0;Black;BlackGray;2.3
User0;White;WhiteRed;2.3
User0;Black;BlackOrange;1.7
User0;Orange;OrangeBlue;2
User0;Orange;OrangeGray;3
User0;Yellow;YellowBlack;1
User0;Green;GreenWhite;2.7
User0;Yellow;YellowBlue;1.7
User0;Green;GreenRed;3.7
User0;Yellow;YellowGreen;1.3
User0;Red;RedWhite;2.3
User0;Violet;VioletBlue;2.7
User0;Red;RedBlue;3
User0;Violet;VioletBlack;2.3
User0;Gray;GrayOrange;1.7
User0;Gray;GrayRed;2
User0;Red;RedYellow;2
User0;White;WhiteGray;2.3
User0;White;WhiteBlack;1.3
User0;White;WhiteOrange;2.7
User0;Blue;BlueOrange;2
User0;White;WhiteBlue;2
User0;Violet;VioletOrange;1
User0;Violet;VioletWhite;0
User0;Yellow;YellowWhite;0.5
User0;Green;GreenBlack;2.3
User0;Gray;GrayBlack;2.7
User0;Violet;VioletGreen;2.7
User0;Blue;BlueRed;2.7
User0;Violet;VioletRed;2.5
User0;Green;GreenViolet;1
User0;Orange;OrangeWhite;2
User0;Red;RedGray;2.7
User0;Green;GreenBlue;2
User0;Green;GreenYellow;2.7
User0;Black;BlackRed;2.7
User0;Gray;GrayBlue;1.3
User0;Violet;VioletYellow;1
User0;White;WhiteYellow;1.3
User0;Green;GreenOrange;3.3
User0;Blue;BlueGray;3.3
User0;Gray;GrayYellow;1.5
User0;Black;BlackYellow;0
User1;Green;GreenGray;2
User1;Orange;OrangeBlack;1
User1;Red;RedBlack;0.7
User1;Orange;OrangeViolet;3
User1;Yellow;YellowRed;3
User1;Gray;GrayViolet;2.7
User1;Blue;BlueViolet;2
User1;Blue;BlueYellow;2
User1;Yellow;YellowViolet;1.3
User1;Orange;OrangeGreen;2.3
User1;Violet;VioletGray;1.3
User1;Gray;GrayGreen;2
User1;Blue;BlueBlack;2
User1;White;WhiteGreen;2.7
User1;Red;RedOrange;2.3
User1;Blue;BlueGreen;2.7
User1;Yellow;YellowGray;1.7
User1;Black;BlackGreen;1.3
User1;Red;RedGreen;3.3
User1;Orange;OrangeRed;1
User1;Black;BlackBlue;2.5
User1;Red;RedViolet;1.7
User1;Gray;GrayWhite;2.7
User1;White;WhiteViolet;2
User1;Orange;OrangeYellow;2
User1;Black;BlackViolet;2.7
User1;Yellow;YellowOrange;2.3
User1;Black;BlackWhite;1.7
User1;Blue;BlueWhite;1.3
User1;Black;BlackGray;2
User1;White;WhiteRed;1.3
User1;Black;BlackOrange;2.3
User1;Orange;OrangeBlue;0
User1;Orange;OrangeGray;3
User1;Yellow;YellowBlack;2.7
User1;Green;GreenWhite;2.3
User1;Yellow;YellowBlue;2
User1;Green;GreenRed;3.7
User1;Yellow;YellowGreen;1.3
User1;Red;RedWhite;1
User1;Violet;VioletBlue;3
User1;Red;RedBlue;2.7
User1;Violet;VioletBlack;0.7
User1;Gray;GrayOrange;2.7
User1;Gray;GrayRed;3.3
User1;Red;RedYellow;1.3
User1;White;WhiteGray;0.7
User1;White;WhiteBlack;2
User1;White;WhiteOrange;0.3
User1;Blue;BlueOrange;0.5
User1;White;WhiteBlue;2.3
User1;Violet;VioletOrange;2.3
User1;Violet;VioletWhite;2
User1;Yellow;YellowWhite;2
User1;Green;GreenBlack;1.3
User1;Gray;GrayBlack;1.7
User1;Violet;VioletGreen;2.7
User1;Blue;BlueRed;3.7
User1;Violet;VioletRed;3
User1;Green;GreenViolet;2
User1;Orange;OrangeWhite;0.7
User1;Red;RedGray;2
User1;Green;GreenBlue;1.3
User1;Green;GreenYellow;2.3
User1;Black;BlackRed;2.7
User1;Gray;GrayBlue;3.7
User1;Violet;VioletYellow;2.7
User1;White;WhiteYellow;2
User1;Green;GreenOrange;1.3
User1;Blue;BlueGray;3.3
User1;Gray;GrayYellow;1.5
User1;Black;BlackYellow;2
User2;Green;GreenGray;0.7
User2;Orange;OrangeBlack;1.3
User2;Red;RedBlack;1.3
User2;Orange;OrangeViolet;3
User2;Yellow;YellowRed;2
User2;Gray;GrayViolet;1.7
User2;Blue;BlueViolet;2
User2;Blue;BlueYellow;1
User2;Yellow;YellowViolet;1.3
User2;Orange;OrangeGreen;1.7
User2;Violet;VioletGray;1
User2;Gray;GrayGreen;2.7
User2;Blue;BlueBlack;2
User2;White;WhiteGreen;1
User2;Red;RedOrange;0.7
User2;Blue;BlueGreen;2
User2;Yellow;YellowGray;1
User2;Black;BlackGreen;2.3
User2;Red;RedGreen;2.7
User2;Orange;OrangeRed;1
User2;Black;BlackBlue;2.5
User2;Red;RedViolet;1
User2;Gray;GrayWhite;2.7
User2;White;WhiteViolet;1.5
User2;Orange;OrangeYellow;1.7
User2;Black;BlackViolet;2.3
User2;Yellow;YellowOrange;1.7
User2;Black;BlackWhite;2.3
User2;Blue;BlueWhite;1
User2;Black;BlackGray;0.7
User2;White;WhiteRed;0.3
User2;Black;BlackOrange;0.7
User2;Orange;OrangeBlue;1.3
User2;Orange;OrangeGray;1.7
User2;Yellow;YellowBlack;2
User2;Green;GreenWhite;2.3
User2;Yellow;YellowBlue;3.3
User2;Green;GreenRed;2
User2;Yellow;YellowGreen;1.7
User2;Red;RedWhite;2
User2;Violet;VioletBlue;3.7
User2;Red;RedBlue;1
User2;Violet;VioletBlack;1.7
User2;Gray;GrayOrange;2.3
User2;Gray;GrayRed;2
User2;Red;RedYellow;2.7
User2;White;WhiteGray;0.7
User2;White;WhiteBlack;2.3
User2;White;WhiteOrange;2.3
User2;Blue;BlueOrange;1.5
User2;White;WhiteBlue;3
User2;Violet;VioletOrange;3
User2;Violet;VioletWhite;1
User2;Yellow;YellowWhite;3
User2;Green;GreenBlack;2.3
User2;Gray;GrayBlack;2.3
User2;Violet;VioletGreen;2.7
User2;Blue;BlueRed;3
User2;Violet;VioletRed;3
User2;Green;GreenViolet;1.3
User2;Orange;OrangeWhite;0.7
User2;Red;RedGray;1.7
User2;Green;GreenBlue;2
User2;Green;GreenYellow;2.3
User2;Black;BlackRed;2.3
User2;Gray;GrayBlue;1.3
User2;Violet;VioletYellow;2.3
User2;White;WhiteYellow;1.3
User2;Green;GreenOrange;1
User2;Blue;BlueGray;3
User2;Gray;GrayYellow;2.5
User2;Black;BlackYellow;2
User3;Green;GreenGray;2.7
User3;Orange;OrangeBlack;3
User3;Red;RedBlack;2.7
User3;Orange;OrangeViolet;2.7
User3;Yellow;YellowRed;2.3
User3;Gray;GrayViolet;1
User3;Blue;BlueViolet;2.7
User3;Blue;BlueYellow;2.7
User3;Yellow;YellowViolet;2
User3;Orange;OrangeGreen;2.3
User3;Violet;VioletGray;1.3
User3;Gray;GrayGreen;2.3
User3;Blue;BlueBlack;2
User3;White;WhiteGreen;2.3
User3;Red;RedOrange;2
User3;Blue;BlueGreen;2
User3;Yellow;YellowGray;1
User3;Black;BlackGreen;2.3
User3;Red;RedGreen;0
User3;Orange;OrangeRed;3
User3;Black;BlackBlue;2
User3;Red;RedViolet;2.7
User3;Gray;GrayWhite;2.3
User3;White;WhiteViolet;1.5
User3;Orange;OrangeYellow;2.7
User3;Black;BlackViolet;1.3
User3;Yellow;YellowOrange;3
User3;Black;BlackWhite;1
User3;Blue;BlueWhite;2
User3;Black;BlackGray;3.3
User3;White;WhiteRed;2.3
User3;Black;BlackOrange;2.3
User3;Orange;OrangeBlue;2.7
User3;Orange;OrangeGray;2.7
User3;Yellow;YellowBlack;3
User3;Green;GreenWhite;1.3
User3;Yellow;YellowBlue;1
User3;Green;GreenRed;1.7
User3;Yellow;YellowGreen;2
User3;Red;RedWhite;1.3
User3;Violet;VioletBlue;1.3
User3;Red;RedBlue;3.7
User3;Violet;VioletBlack;1.3
User3;Gray;GrayOrange;1.7
User3;Gray;GrayRed;2
User3;Red;RedYellow;2.3
User3;White;WhiteGray;2.7
User3;White;WhiteBlack;1.7
User3;White;WhiteOrange;2
User3;Blue;BlueOrange;2
User3;White;WhiteBlue;0.7
User3;Violet;VioletOrange;1.7
User3;Violet;VioletWhite;1
User3;Yellow;YellowWhite;0.5
User3;Green;GreenBlack;2.7
User3;Gray;GrayBlack;2.3
User3;Violet;VioletGreen;1.7
User3;Blue;BlueRed;1.7
User3;Violet;VioletRed;1
User3;Green;GreenViolet;2.7
User3;Orange;OrangeWhite;1.7
User3;Red;RedGray;2.3
User3;Green;GreenBlue;2
User3;Green;GreenYellow;2.7
User3;Black;BlackRed;2.3
User3;Gray;GrayBlue;2.3
User3;Violet;VioletYellow;0.7
User3;White;WhiteYellow;2
User3;Green;GreenOrange;2
User3;Blue;BlueGray;2
User3;Gray;GrayYellow;3.5
User3;Black;BlackYellow;1
User4;Green;GreenGray;0.7
User4;Orange;OrangeBlack;1.7
User4;Red;RedBlack;1
User4;Orange;OrangeViolet;1
User4;Yellow;YellowRed;1
User4;Gray;GrayViolet;0.3
User4;Blue;BlueViolet;2
User4;Blue;BlueYellow;3.3
User4;Yellow;YellowViolet;3
User4;Orange;OrangeGreen;3.7
User4;Violet;VioletGray;2.3
User4;Gray;GrayGreen;2.3
User4;Blue;BlueBlack;1.7
User4;White;WhiteGreen;2.3
User4;Red;RedOrange;2
User4;Blue;BlueGreen;2.3
User4;Yellow;YellowGray;2.3
User4;Black;BlackGreen;2
User4;Red;RedGreen;0
User4;Orange;OrangeRed;0.7
User4;Black;BlackBlue;3.5
User4;Red;RedViolet;1
User4;Gray;GrayWhite;2
User4;White;WhiteViolet;2.5
User4;Orange;OrangeYellow;0
User4;Black;BlackViolet;2
User4;Yellow;YellowOrange;2.7
User4;Black;BlackWhite;1
User4;Blue;BlueWhite;2.7
User4;Black;BlackGray;2
User4;White;WhiteRed;2.3
User4;Black;BlackOrange;0.7
User4;Orange;OrangeBlue;1
User4;Orange;OrangeGray;1.7
User4;Yellow;YellowBlack;0.7
User4;Green;GreenWhite;3
User4;Yellow;YellowBlue;2.3
User4;Green;GreenRed;1.7
User4;Yellow;YellowGreen;2.7
User4;Red;RedWhite;2.3
User4;Violet;VioletBlue;2.3
User4;Red;RedBlue;2.3
User4;Violet;VioletBlack;3
User4;Gray;GrayOrange;2.7
User4;Gray;GrayRed;0.7
User4;Red;RedYellow;2.3
User4;White;WhiteGray;1.3
User4;White;WhiteBlack;2.3
User4;White;WhiteOrange;2.7
User4;Blue;BlueOrange;2.5
User4;White;WhiteBlue;2.7
User4;Violet;VioletOrange;2
User4;Violet;VioletWhite;3.5
User4;Yellow;YellowWhite;3
User4;Green;GreenBlack;0.7
User4;Gray;GrayBlack;1.7
User4;Violet;VioletGreen;0
User4;Blue;BlueRed;2
User4;Violet;VioletRed;2
User4;Green;GreenViolet;2
User4;Orange;OrangeWhite;2
User4;Red;RedGray;2.7
User4;Green;GreenBlue;1
User4;Green;GreenYellow;3.3
User4;Black;BlackRed;2
User4;Gray;GrayBlue;2.7
User4;Violet;VioletYellow;2.7
User4;White;WhiteYellow;1.3
User4;Green;GreenOrange;0.7
User4;Blue;BlueGray;1.7
User4;Gray;GrayYellow;1
User4;Black;BlackYellow;1
User5;Green;GreenGray;1.3
User5;Orange;OrangeBlack;1.7
User5;Red;RedBlack;2.7
User5;Orange;OrangeViolet;2
User5;Yellow;YellowRed;3
User5;Gray;GrayViolet;2.7
User5;Blue;BlueViolet;2.3
User5;Blue;BlueYellow;2.7
User5;Yellow;YellowViolet;1.7
User5;Orange;OrangeGreen;1.3
User5;Violet;VioletGray;1.3
User5;Gray;GrayGreen;2
User5;Blue;BlueBlack;1.7
User5;White;WhiteGreen;2.7
User5;Red;RedOrange;1.7
User5;Blue;BlueGreen;2
User5;Yellow;YellowGray;2
User5;Black;BlackGreen;1
User5;Red;RedGreen;2
User5;Orange;OrangeRed;1.3
User5;Black;BlackBlue;2
User5;Red;RedViolet;2.7
User5;Gray;GrayWhite;2.3
User5;White;WhiteViolet;2.5
User5;Orange;OrangeYellow;2
User5;Black;BlackViolet;1.7
User5;Yellow;YellowOrange;1.3
User5;Black;BlackWhite;2.3
User5;Blue;BlueWhite;2.3
User5;Black;BlackGray;3.3
User5;White;WhiteRed;1.3
User5;Black;BlackOrange;3
User5;Orange;OrangeBlue;2
User5;Orange;OrangeGray;2
User5;Yellow;YellowBlack;1.7
User5;Green;GreenWhite;1.7
User5;Yellow;YellowBlue;2
User5;Green;GreenRed;1.3
User5;Yellow;YellowGreen;1.3
User5;Red;RedWhite;1
User5;Violet;VioletBlue;1.7
User5;Red;RedBlue;2.3
User5;Violet;VioletBlack;2.7
User5;Gray;GrayOrange;0.7
User5;Gray;GrayRed;0.7
User5;Red;RedYellow;1
User5;White;WhiteGray;1.7
User5;White;WhiteBlack;1.7
User5;White;WhiteOrange;2.7
User5;Blue;BlueOrange;1.5
User5;White;WhiteBlue;2
User5;Violet;VioletOrange;2.3
User5;Violet;VioletWhite;2
User5;Yellow;YellowWhite;1.5
User5;Green;GreenBlack;1.7
User5;Gray;GrayBlack;3
User5;Violet;VioletGreen;3.3
User5;Blue;BlueRed;1.7
User5;Violet;VioletRed;3.5
User5;Green;GreenViolet;2
User5;Orange;OrangeWhite;1
User5;Red;RedGray;2.3
User5;Green;GreenBlue;2
User5;Green;GreenYellow;2.7
User5;Black;BlackRed;2
User5;Gray;GrayBlue;2
User5;Violet;VioletYellow;2.3
User5;White;WhiteYellow;1
User5;Green;GreenOrange;1.7
User5;Blue;BlueGray;3.3
User5;Gray;GrayYellow;2
User5;Black;BlackYellow;3
User6;Green;GreenGray;1
User6;Orange;OrangeBlack;2
User6;Red;RedBlack;1.3
User6;Orange;OrangeViolet;1
User6;Yellow;YellowRed;2.3
User6;Gray;GrayViolet;2.7
User6;Blue;BlueViolet;2
User6;Blue;BlueYellow;3
User6;Yellow;YellowViolet;2.3
User6;Orange;OrangeGreen;2.3
User6;Violet;VioletGray;1.7
User6;Gray;GrayGreen;2.7
User6;Blue;BlueBlack;2
User6;White;WhiteGreen;3
User6;Red;RedOrange;2
User6;Blue;BlueGreen;1.7
User6;Yellow;YellowGray;1.3
User6;Black;BlackGreen;1
User6;Red;RedGreen;1.3
User6;Orange;OrangeRed;2.7
User6;Black;BlackBlue;2.5
User6;Red;RedViolet;2.3
User6;Gray;GrayWhite;2.7
User6;White;WhiteViolet;2
User6;Orange;OrangeYellow;0.3
User6;Black;BlackViolet;2.3
User6;Yellow;YellowOrange;1
User6;Black;BlackWhite;2.3
User6;Blue;BlueWhite;1.7
User6;Black;BlackGray;2.7
User6;White;WhiteRed;1.3
User6;Black;BlackOrange;1.3
User6;Orange;OrangeBlue;3.3
User6;Orange;OrangeGray;2.7
User6;Yellow;YellowBlack;1.7
User6;Green;GreenWhite;2.3
User6;Yellow;YellowBlue;2.7
User6;Green;GreenRed;2.3
User6;Yellow;YellowGreen;2
User6;Red;RedWhite;2
User6;Violet;VioletBlue;2.7
User6;Red;RedBlue;2.7
User6;Violet;VioletBlack;1
User6;Gray;GrayOrange;2
User6;Gray;GrayRed;2.3
User6;Red;RedYellow;1.3
User6;White;WhiteGray;2.7
User6;White;WhiteBlack;0.7
User6;White;WhiteOrange;0.3
User6;Blue;BlueOrange;1.5
User6;White;WhiteBlue;2.7
User6;Violet;VioletOrange;1.7
User6;Violet;VioletWhite;3
User6;Yellow;YellowWhite;0.5
User6;Green;GreenBlack;2
User6;Gray;GrayBlack;1.3
User6;Violet;VioletGreen;2.7
User6;Blue;BlueRed;2.3
User6;Violet;VioletRed;0
User6;Green;GreenViolet;2
User6;Orange;OrangeWhite;1.7
User6;Red;RedGray;2.3
User6;Green;GreenBlue;2
User6;Green;GreenYellow;1.7
User6;Black;BlackRed;1.3
User6;Gray;GrayBlue;2
User6;Violet;VioletYellow;1
User6;White;WhiteYellow;2.3
User6;Green;GreenOrange;1.7
User6;Blue;BlueGray;1.3
User6;Gray;GrayYellow;0.5
User6;Black;BlackYellow;0
User7;Green;GreenGray;2.3
User7;Orange;OrangeBlack;2
User7;Red;RedBlack;1.7
User7;Orange;OrangeViolet;2
User7;Yellow;YellowRed;2.7
User7;Gray;GrayViolet;1.7
User7;Blue;BlueViolet;1
User7;Blue;BlueYellow;2.3
User7;Yellow;YellowViolet;0.3
User7;Orange;OrangeGreen;2.3
User7;Violet;VioletGray;3.3
User7;Gray;GrayGreen;3
User7;Blue;BlueBlack;1.7
User7;White;WhiteGreen;3
User7;Red;RedOrange;3.3
User7;Blue;BlueGreen;1.3
User7;Yellow;YellowGray;0.7
User7;Black;BlackGreen;2.7
User7;Red;RedGreen;2
User7;Orange;OrangeRed;0.7
User7;Black;BlackBlue;1
User7;Red;RedViolet;2.3
User7;Gray;GrayWhite;1.7
User7;White;WhiteViolet;4
User7;Orange;OrangeYellow;2
User7;Black;BlackViolet;1.7
User7;Yellow;YellowOrange;1.7
User7;Black;BlackWhite;1.7
User7;Blue;BlueWhite;2.7
User7;Black;BlackGray;0.3
User7;White;WhiteRed;2.7
User7;Black;BlackOrange;2.7
User7;Orange;OrangeBlue;2.3
User7;Orange;OrangeGray;2.7
User7;Yellow;YellowBlack;2
User7;Green;GreenWhite;2.7
User7;Yellow;YellowBlue;3.3
User7;Green;GreenRed;1.7
User7;Yellow;YellowGreen;3.3
User7;Red;RedWhite;2
User7;Violet;VioletBlue;0.7
User7;Red;RedBlue;2
User7;Violet;VioletBlack;2.7
User7;Gray;GrayOrange;2.7
User7;Gray;GrayRed;2.7
User7;Red;RedYellow;2.3
User7;White;WhiteGray;2
User7;White;WhiteBlack;1.7
User7;White;WhiteOrange;2.7
User7;Blue;BlueOrange;3
User7;White;WhiteBlue;1.7
User7;Violet;VioletOrange;2.7
User7;Violet;VioletWhite;1.5
User7;Yellow;YellowWhite;0
User7;Green;GreenBlack;2
User7;Gray;GrayBlack;0.7
User7;Violet;VioletGreen;2.7
User7;Blue;BlueRed;1.7
User7;Violet;VioletRed;1
User7;Green;GreenViolet;1
User7;Orange;OrangeWhite;1.7
User7;Red;RedGray;2
User7;Green;GreenBlue;3
User7;Green;GreenYellow;1.7
User7;Black;BlackRed;2.7
User7;Gray;GrayBlue;3.7
User7;Violet;VioletYellow;2
User7;White;WhiteYellow;2.3
User7;Green;GreenOrange;1.7
User7;Blue;BlueGray;3.3
User7;Gray;GrayYellow;3
User7;Black;BlackYellow;1
User8;Green;GreenGray;1.3
User8;Orange;OrangeBlack;3.3
User8;Red;RedBlack;2.7
User8;Orange;OrangeViolet;2.3
User8;Yellow;YellowRed;3.3
User8;Gray;GrayViolet;3
User8;Blue;BlueViolet;2.7
User8;Blue;BlueYellow;2.3
User8;Yellow;YellowViolet;2.3
User8;Orange;OrangeGreen;3.7
User8;Violet;VioletGray;2.3
User8;Gray;GrayGreen;1.3
User8;Blue;BlueBlack;1.3
User8;White;WhiteGreen;2.3
User8;Red;RedOrange;0.7
User8;Blue;BlueGreen;1.7
User8;Yellow;YellowGray;1.7
User8;Black;BlackGreen;1
User8;Red;RedGreen;2.7
User8;Orange;OrangeRed;3
User8;Black;BlackBlue;2.5
User8;Red;RedViolet;2.7
User8;Gray;GrayWhite;1.7
User8;White;WhiteViolet;1.5
User8;Orange;OrangeYellow;2
User8;Black;BlackViolet;2.3
User8;Yellow;YellowOrange;1
User8;Black;BlackWhite;2.3
User8;Blue;BlueWhite;1.3
User8;Black;BlackGray;2.3
User8;White;WhiteRed;2.7
User8;Black;BlackOrange;3
User8;Orange;OrangeBlue;1.3
User8;Orange;OrangeGray;2.3
User8;Yellow;YellowBlack;2.7
User8;Green;GreenWhite;1.7
User8;Yellow;YellowBlue;1.3
User8;Green;GreenRed;2.3
User8;Yellow;YellowGreen;1.7
User8;Red;RedWhite;1.7
User8;Violet;VioletBlue;3
User8;Red;RedBlue;1.7
User8;Violet;VioletBlack;0.7
User8;Gray;GrayOrange;2.3
User8;Gray;GrayRed;2
User8;Red;RedYellow;2.7
User8;White;WhiteGray;3
User8;White;WhiteBlack;3.3
User8;White;WhiteOrange;3
User8;Blue;BlueOrange;1
User8;White;WhiteBlue;2.3
User8;Violet;VioletOrange;1.3
User8;Violet;VioletWhite;2
User8;Yellow;YellowWhite;0.5
User8;Green;GreenBlack;2.3
User8;Gray;GrayBlack;1.7
User8;Violet;VioletGreen;2.3
User8;Blue;BlueRed;2.3
User8;Violet;VioletRed;2
User8;Green;GreenViolet;2
User8;Orange;OrangeWhite;2
User8;Red;RedGray;3
User8;Green;GreenBlue;2.3
User8;Green;GreenYellow;2.7
User8;Black;BlackRed;3
User8;Gray;GrayBlue;0.7
User8;Violet;VioletYellow;4
User8;White;WhiteYellow;3.3
User8;Green;GreenOrange;1.7
User8;Blue;BlueGray;1
User8;Gray;GrayYellow;1.5
User8;Black;BlackYellow;4
User9;Green;GreenGray;1
User9;Orange;OrangeBlack;1.7
User9;Red;RedBlack;2.3
User9;Orange;OrangeViolet;1.7
User9;Yellow;YellowRed;1
User9;Gray;GrayViolet;1.3
User9;Blue;BlueViolet;0.3
User9;Blue;BlueYellow;1.7
User9;Yellow;YellowViolet;3.3
User9;Orange;OrangeGreen;4
User9;Violet;VioletGray;3.7
User9;Gray;GrayGreen;3.3
User9;Blue;BlueBlack;1.3
User9;White;WhiteGreen;0.7
User9;Red;RedOrange;1.7
User9;Blue;BlueGreen;2.7
User9;Yellow;YellowGray;2
User9;Black;BlackGreen;1.3
User9;Red;RedGreen;3
User9;Orange;OrangeRed;3.3
User9;Black;BlackBlue;3
User9;Red;RedViolet;2.3
User9;Gray;GrayWhite;1.7
User9;White;WhiteViolet;2.5
User9;Orange;OrangeYellow;1.3
User9;Black;BlackViolet;2
User9;Yellow;YellowOrange;2.7
User9;Black;BlackWhite;1.7
User9;Blue;BlueWhite;1
User9;Black;BlackGray;2
User9;White;WhiteRed;2.3
User9;Black;BlackOrange;2
User9;Orange;OrangeBlue;3.7
User9;Orange;OrangeGray;2
User9;Yellow;YellowBlack;2
User9;Green;GreenWhite;3.7
User9;Yellow;YellowBlue;0.7
User9;Green;GreenRed;2.3
User9;Yellow;YellowGreen;2.7
User9;Red;RedWhite;2.7
User9;Violet;VioletBlue;0.3
User9;Red;RedBlue;1.7
User9;Violet;VioletBlack;2
User9;Gray;GrayOrange;2.3
User9;Gray;GrayRed;1.7
User9;Red;RedYellow;1.3
User9;White;WhiteGray;2
User9;White;WhiteBlack;3
User9;White;WhiteOrange;1.7
User9;Blue;BlueOrange;2
User9;White;WhiteBlue;2
User9;Violet;VioletOrange;0
User9;Violet;VioletWhite;1.5
User9;Yellow;YellowWhite;2.5
User9;Green;GreenBlack;3
User9;Gray;GrayBlack;1.3
User9;Violet;VioletGreen;1.7
User9;Blue;BlueRed;1.3
User9;Violet;VioletRed;2
User9;Green;GreenViolet;0.3
User9;Orange;OrangeWhite;3
User9;Red;RedGray;2
User9;Green;GreenBlue;4
User9;Green;GreenYellow;3
User9;Black;BlackRed;2.3
User9;Gray;GrayBlue;2
User9;Violet;VioletYellow;1.7
User9;White;WhiteYellow;1.7
User9;Green;GreenOrange;3
User9;Blue;BlueGray;1.7
User9;Gray;GrayYellow;3
User9;Black;BlackYellow;1
User10;Green;GreenGray;2
User10;Orange;OrangeBlack;2.7
User10;Red;RedBlack;1.3
User10;Orange;OrangeViolet;2
User10;Yellow;YellowRed;1
User10;Gray;GrayViolet;2.7
User10;Blue;BlueViolet;4
User10;Blue;BlueYellow;1.3
User10;Yellow;YellowViolet;2
User10;Orange;OrangeGreen;1.7
User10;Violet;VioletGray;1.7
User10;Gray;GrayGreen;1.7
User10;Blue;BlueBlack;2
User10;White;WhiteGreen;1
User10;Red;RedOrange;2
User10;Blue;BlueGreen;1
User10;Yellow;YellowGray;2.3
User10;Black;BlackGreen;1.3
User10;Red;RedGreen;3.7
User10;Orange;OrangeRed;2.7
User10;Black;BlackBlue;2
User10;Red;RedViolet;3
User10;Gray;GrayWhite;3
User10;White;WhiteViolet;3.5
User10;Orange;OrangeYellow;1.3
User10;Black;BlackViolet;3
User10;Yellow;YellowOrange;2
User10;Black;BlackWhite;2.3
User10;Blue;BlueWhite;1.7
User10;Black;BlackGray;0.7
User10;White;WhiteRed;3
User10;Black;BlackOrange;1
User10;Orange;OrangeBlue;1
User10;Orange;OrangeGray;2
User10;Yellow;YellowBlack;1.7
User10;Green;GreenWhite;1.3
User10;Yellow;YellowBlue;1.3
User10;Green;GreenRed;1.7
User10;Yellow;YellowGreen;2.7
User10;Red;RedWhite;2
User10;Violet;VioletBlue;2
User10;Red;RedBlue;3
User10;Violet;VioletBlack;2.3
User10;Gray;GrayOrange;1
User10;Gray;GrayRed;1.7
User10;Red;RedYellow;2.7
User10;White;WhiteGray;3
User10;White;WhiteBlack;3
User10;White;WhiteOrange;2
User10;Blue;BlueOrange;2.5
User10;White;WhiteBlue;1.7
User10;Violet;VioletOrange;3.3
User10;Violet;VioletWhite;4
User10;Yellow;YellowWhite;1.5
User10;Green;GreenBlack;4
User10;Gray;GrayBlack;3.7
User10;Violet;VioletGreen;1.3
User10;Blue;BlueRed;1.3
User10;Violet;VioletRed;1
User10;Green;GreenViolet;2.3
User10;Orange;OrangeWhite;3.3
User10;Red;RedGray;2
User10;Green;GreenBlue;3.7
User10;Green;GreenYellow;2
User10;Black;BlackRed;2
User10;Gray;GrayBlue;1
User10;Violet;VioletYellow;1.7
User10;White;WhiteYellow;2.7
User10;Green;GreenOrange;1.3
User10;Blue;BlueGray;2.7
User10;Gray;GrayYellow;4
User10;Black;BlackYellow;2
User11;Green;GreenGray;1.7
User11;Orange;OrangeBlack;0.7
User11;Red;RedBlack;2
User11;Orange;OrangeViolet;3.3
User11;Yellow;YellowRed;0.3
User11;Gray;GrayViolet;1.3
User11;Blue;BlueViolet;1
User11;Blue;BlueYellow;1.7
User11;Yellow;YellowViolet;2.7
User11;Orange;OrangeGreen;1.7
User11;Violet;VioletGray;1.7
User11;Gray;GrayGreen;3
User11;Blue;BlueBlack;1.3
User11;White;WhiteGreen;2.7
User11;Red;RedOrange;2
User11;Blue;BlueGreen;2.3
User11;Yellow;YellowGray;1.3
User11;Black;BlackGreen;2.3
User11;Red;RedGreen;3.3
User11;Orange;OrangeRed;2.3
User11;Black;BlackBlue;2
User11;Red;RedViolet;2.7
User11;Gray;GrayWhite;1.7
User11;White;WhiteViolet;3.5
User11;Orange;OrangeYellow;1.7
User11;Black;BlackViolet;2
User11;Yellow;YellowOrange;0
User11;Black;BlackWhite;2.7
User11;Blue;BlueWhite;1.3
User11;Black;BlackGray;2.7
User11;White;WhiteRed;1.7
User11;Black;BlackOrange;2
User11;Orange;OrangeBlue;2
User11;Orange;OrangeGray;2
User11;Yellow;YellowBlack;1
User11;Green;GreenWhite;1.3
User11;Yellow;YellowBlue;3.7
User11;Green;GreenRed;0.7
User11;Yellow;YellowGreen;0.7
User11;Red;RedWhite;2
User11;Violet;VioletBlue;3
User11;Red;RedBlue;2.7
User11;Violet;VioletBlack;3.3
User11;Gray;GrayOrange;2.7
User11;Gray;GrayRed;1.7
User11;Red;RedYellow;0.3
User11;White;WhiteGray;2.3
User11;White;WhiteBlack;1
User11;White;WhiteOrange;0.3
User11;Blue;BlueOrange;1.5
User11;White;WhiteBlue;2.3
User11;Violet;VioletOrange;2
User11;Violet;VioletWhite;2
User11;Yellow;YellowWhite;0
User11;Green;GreenBlack;1.3
User11;Gray;GrayBlack;2
User11;Violet;VioletGreen;3
User11;Blue;BlueRed;0.3
User11;Violet;VioletRed;2.5
User11;Green;GreenViolet;1.7
User11;Orange;OrangeWhite;2
User11;Red;RedGray;2.3
User11;Green;GreenBlue;1.7
User11;Green;GreenYellow;2
User11;Black;BlackRed;1
User11;Gray;GrayBlue;3
User11;Violet;VioletYellow;0.7
User11;White;WhiteYellow;1
User11;Green;GreenOrange;3
User11;Blue;BlueGray;1.3
User11;Gray;GrayYellow;2
User11;Black;BlackYellow;0
User12;Green;GreenGray;2
User12;Orange;OrangeBlack;2.3
User12;Red;RedBlack;2.3
User12;Orange;OrangeViolet;1.7
User12;Yellow;YellowRed;1.3
User12;Gray;GrayViolet;1
User12;Blue;BlueViolet;2
User12;Blue;BlueYellow;1.7
User12;Yellow;YellowViolet;1.3
User12;Orange;OrangeGreen;2.3
User12;Violet;VioletGray;1.3
User12;Gray;GrayGreen;1.7
User12;Blue;BlueBlack;1.7
User12;White;WhiteGreen;2.7
User12;Red;RedOrange;1.3
User12;Blue;BlueGreen;1.3
User12;Yellow;YellowGray;2.7
User12;Black;BlackGreen;2
User12;Red;RedGreen;3.3
User12;Orange;OrangeRed;0.7
User12;Black;BlackBlue;2.5
User12;Red;RedViolet;2.3
User12;Gray;GrayWhite;3.3
User12;White;WhiteViolet;2
User12;Orange;OrangeYellow;2
User12;Black;BlackViolet;0.3
User12;Yellow;YellowOrange;1.3
User12;Black;BlackWhite;2.3
User12;Blue;BlueWhite;1.7
User12;Black;BlackGray;0.7
User12;White;WhiteRed;2.7
User12;Black;BlackOrange;0.3
User12;Orange;OrangeBlue;1
User12;Orange;OrangeGray;0.3
User12;Yellow;YellowBlack;2.7
User12;Green;GreenWhite;1.7
User12;Yellow;YellowBlue;1
User12;Green;GreenRed;1
User12;Yellow;YellowGreen;0.3
User12;Red;RedWhite;2
User12;Violet;VioletBlue;2.3
User12;Red;RedBlue;3.3
User12;Violet;VioletBlack;2.7
User12;Gray;GrayOrange;2.3
User12;Gray;GrayRed;0.7
User12;Red;RedYellow;2
User12;White;WhiteGray;4
User12;White;WhiteBlack;3.3
User12;White;WhiteOrange;1.7
User12;Blue;BlueOrange;2.5
User12;White;WhiteBlue;1.7
User12;Violet;VioletOrange;2.3
User12;Violet;VioletWhite;1.5
User12;Yellow;YellowWhite;1
User12;Green;GreenBlack;1
User12;Gray;GrayBlack;2.3
User12;Violet;VioletGreen;3.7
User12;Blue;BlueRed;2
User12;Violet;VioletRed;2.5
User12;Green;GreenViolet;2.7
User12;Orange;OrangeWhite;1.3
User12;Red;RedGray;3.3
User12;Green;GreenBlue;1
User12;Green;GreenYellow;1.7
User12;Black;BlackRed;2
User12;Gray;GrayBlue;4
User12;Violet;VioletYellow;2
User12;White;WhiteYellow;2
User12;Green;GreenOrange;2
User12;Blue;BlueGray;0.7
User12;Gray;GrayYellow;0.5
User12;Black;BlackYellow;0
User13;Green;GreenGray;2.7
User13;Orange;OrangeBlack;2
User13;Red;RedBlack;2.7
User13;Orange;OrangeViolet;1.3
User13;Yellow;YellowRed;2
User13;Gray;GrayViolet;0.7
User13;Blue;BlueViolet;1.7
User13;Blue;BlueYellow;0.3
User13;Yellow;YellowViolet;1.7
User13;Orange;OrangeGreen;2.3
User13;Violet;VioletGray;1
User13;Gray;GrayGreen;1.7
User13;Blue;BlueBlack;2
User13;White;WhiteGreen;2.7
User13;Red;RedOrange;2
User13;Blue;BlueGreen;2
User13;Yellow;YellowGray;2.3
User13;Black;BlackGreen;1.3
User13;Red;RedGreen;1.7
User13;Orange;OrangeRed;2.3
User13;Black;BlackBlue;3.5
User13;Red;RedViolet;2.7
User13;Gray;GrayWhite;1.7
User13;White;WhiteViolet;2
User13;Orange;OrangeYellow;2
User13;Black;BlackViolet;2.7
User13;Yellow;YellowOrange;0
User13;Black;BlackWhite;1.3
User13;Blue;BlueWhite;2.3
User13;Black;BlackGray;1
User13;White;WhiteRed;2.7
User13;Black;BlackOrange;1
User13;Orange;OrangeBlue;0.7
User13;Orange;OrangeGray;2.7
User13;Yellow;YellowBlack;2.7
User13;Green;GreenWhite;2.7
User13;Yellow;YellowBlue;2
User13;Green;GreenRed;1
User13;Yellow;YellowGreen;3.3
User13;Red;RedWhite;1.7
User13;Violet;VioletBlue;1.3
User13;Red;RedBlue;2.3
User13;Violet;VioletBlack;1.7
User13;Gray;GrayOrange;0.7
User13;Gray;GrayRed;1.7
User13;Red;RedYellow;1
User13;White;WhiteGray;2.3
User13;White;WhiteBlack;0.7
User13;White;WhiteOrange;1.3
User13;Blue;BlueOrange;3
User13;White;WhiteBlue;3
User13;Violet;VioletOrange;1.3
User13;Violet;VioletWhite;2.5
User13;Yellow;YellowWhite;2
User13;Green;GreenBlack;3
User13;Gray;GrayBlack;2
User13;Violet;VioletGreen;2
User13;Blue;BlueRed;3
User13;Violet;VioletRed;1.5
User13;Green;GreenViolet;0.3
User13;Orange;OrangeWhite;2.3
User13;Red;RedGray;2.7
User13;Green;GreenBlue;2.3
User13;Green;GreenYellow;1.7
User13;Black;BlackRed;1.7
User13;Gray;GrayBlue;1.3
User13;Violet;VioletYellow;2
User13;White;WhiteYellow;2.7
User13;Green;GreenOrange;3.3
User13;Blue;BlueGray;3
User13;Gray;GrayYellow;4
User13;Black;BlackYellow;1
User14;Green;GreenGray;3.3
User14;Orange;OrangeBlack;1.7
User14;Red;RedBlack;3
User14;Orange;OrangeViolet;2.3
User14;Yellow;YellowRed;0.7
User14;Gray;GrayViolet;3.7
User14;Blue;BlueViolet;0.3
User14;Blue;BlueYellow;3.3
User14;Yellow;YellowViolet;2.3
User14;Orange;OrangeGreen;2.7
User14;Violet;VioletGray;1.7
User14;Gray;GrayGreen;3.7
User14;Blue;BlueBlack;2
User14;White;WhiteGreen;2.3
User14;Red;RedOrange;1.7
User14;Blue;BlueGreen;2.3
User14;Yellow;YellowGray;2.7
User14;Black;BlackGreen;2
User14;Red;RedGreen;1
User14;Orange;OrangeRed;3
User14;Black;BlackBlue;1
User14;Red;RedViolet;1
User14;Gray;GrayWhite;1.3
User14;White;WhiteViolet;3
User14;Orange;OrangeYellow;2
User14;Black;BlackViolet;2.7
User14;Yellow;YellowOrange;1.7
User14;Black;BlackWhite;2.7
User14;Blue;BlueWhite;1.7
User14;Black;BlackGray;1.7
User14;White;WhiteRed;2
User14;Black;BlackOrange;2
User14;Orange;OrangeBlue;2.3
User14;Orange;OrangeGray;2.7
User14;Yellow;YellowBlack;1.3
User14;Green;GreenWhite;1.7
User14;Yellow;YellowBlue;2
User14;Green;GreenRed;1.3
User14;Yellow;YellowGreen;1.3
User14;Red;RedWhite;2.3
User14;Violet;VioletBlue;1.7
User14;Red;RedBlue;1.7
User14;Violet;VioletBlack;2.3
User14;Gray;GrayOrange;2.3
User14;Gray;GrayRed;0.7
User14;Red;RedYellow;2.3
User14;White;WhiteGray;2
User14;White;WhiteBlack;2.3
User14;White;WhiteOrange;1
User14;Blue;BlueOrange;2
User14;White;WhiteBlue;2
User14;Violet;VioletOrange;1.7
User14;Violet;VioletWhite;1.5
User14;Yellow;YellowWhite;1
User14;Green;GreenBlack;2.7
User14;Gray;GrayBlack;1
User14;Violet;VioletGreen;2.7
User14;Blue;BlueRed;2.3
User14;Violet;VioletRed;3
User14;Green;GreenViolet;0.7
User14;Orange;OrangeWhite;2.7
User14;Red;RedGray;1.3
User14;Green;GreenBlue;1.3
User14;Green;GreenYellow;1.7
User14;Black;BlackRed;1.7
User14;Gray;GrayBlue;3.7
User14;Violet;VioletYellow;1.7
User14;White;WhiteYellow;1.7
User14;Green;GreenOrange;2.3
User14;Blue;BlueGray;1.3
User14;Gray;GrayYellow;3
User14;Black;BlackYellow;1
User15;Green;GreenGray;3.3
User15;Orange;OrangeBlack;2
User15;Red;RedBlack;2.3
User15;Orange;OrangeViolet;3.7
User15;Yellow;YellowRed;2.7
User15;Gray;GrayViolet;1.3
User15;Blue;BlueViolet;3
User15;Blue;BlueYellow;0.7
User15;Yellow;YellowViolet;1
User15;Orange;OrangeGreen;1.3
User15;Violet;VioletGray;1.3
User15;Gray;GrayGreen;2
User15;Blue;BlueBlack;2.7
User15;White;WhiteGreen;1.3
User15;Red;RedOrange;3.7
User15;Blue;BlueGreen;1
User15;Yellow;YellowGray;2.7
User15;Black;BlackGreen;2
User15;Red;RedGreen;1
User15;Orange;OrangeRed;3
User15;Black;BlackBlue;3
User15;Red;RedViolet;1
User15;Gray;GrayWhite;2
User15;White;WhiteViolet;1
User15;Orange;OrangeYellow;3.3
User15;Black;BlackViolet;1.3
User15;Yellow;YellowOrange;2
User15;Black;BlackWhite;0.7
User15;Blue;BlueWhite;2.3
User15;Black;BlackGray;4
User15;White;WhiteRed;0.3
User15;Black;BlackOrange;2.3
User15;Orange;OrangeBlue;1.3
User15;Orange;OrangeGray;3.3
User15;Yellow;YellowBlack;2.3
User15;Green;GreenWhite;2
User15;Yellow;YellowBlue;1.7
User15;Green;GreenRed;2.3
User15;Yellow;YellowGreen;2.3
User15;Red;RedWhite;3
User15;Violet;VioletBlue;2
User15;Red;RedBlue;1.3
User15;Violet;VioletBlack;1.7
User15;Gray;GrayOrange;4
User15;Gray;GrayRed;1.7
User15;Red;RedYellow;3.3
User15;White;WhiteGray;1.3
User15;White;WhiteBlack;1.3
User15;White;WhiteOrange;1.3
User15;Blue;BlueOrange;1
User15;White;WhiteBlue;3.7
User15;Violet;VioletOrange;1.7
User15;Violet;VioletWhite;2
User15;Yellow;YellowWhite;2.5
User15;Green;GreenBlack;2.7
User15;Gray;GrayBlack;2.7
User15;Violet;VioletGreen;2.3
User15;Blue;BlueRed;2
User15;Violet;VioletRed;1.5
User15;Green;GreenViolet;2
User15;Orange;OrangeWhite;1
User15;Red;RedGray;1.7
User15;Green;GreenBlue;1.7
User15;Green;GreenYellow;1.3
User15;Black;BlackRed;1.3
User15;Gray;GrayBlue;1.7
User15;Violet;VioletYellow;0.3
User15;White;WhiteYellow;2.3
User15;Green;GreenOrange;2
User15;Blue;BlueGray;2
User15;Gray;GrayYellow;3
User15;Black;BlackYellow;3
User16;Green;GreenGray;0.7
User16;Orange;OrangeBlack;3
User16;Red;RedBlack;1
User16;Orange;OrangeViolet;3
User16;Yellow;YellowRed;2.7
User16;Gray;GrayViolet;3
User16;Blue;BlueViolet;2.7
User16;Blue;BlueYellow;2
User16;Yellow;YellowViolet;3
User16;Orange;OrangeGreen;1.3
User16;Violet;VioletGray;2.7
User16;Gray;GrayGreen;2
User16;Blue;BlueBlack;0.3
User16;White;WhiteGreen;1
User16;Red;RedOrange;1.7
User16;Blue;BlueGreen;3.7
User16;Yellow;YellowGray;2.3
User16;Black;BlackGreen;1.3
User16;Red;RedGreen;1
User16;Orange;OrangeRed;3
User16;Black;BlackBlue;4
User16;Red;RedViolet;2
User16;Gray;GrayWhite;3
User16;White;WhiteViolet;1.5
User16;Orange;OrangeYellow;1.3
User16;Black;BlackViolet;1.7
User16;Yellow;YellowOrange;2.3
User16;Black;BlackWhite;1
User16;Blue;BlueWhite;2.7
User16;Black;BlackGray;3
User16;White;WhiteRed;1.7
User16;Black;BlackOrange;2.3
User16;Orange;OrangeBlue;1.3
User16;Orange;OrangeGray;0.7
User16;Yellow;YellowBlack;1.3
User16;Green;GreenWhite;1
User16;Yellow;YellowBlue;1.7
User16;Green;GreenRed;2.7
User16;Yellow;YellowGreen;1.3
User16;Red;RedWhite;3.7
User16;Violet;VioletBlue;0.7
User16;Red;RedBlue;2.3
User16;Violet;VioletBlack;2
User16;Gray;GrayOrange;1.3
User16;Gray;GrayRed;2
User16;Red;RedYellow;2.3
User16;White;WhiteGray;0.7
User16;White;WhiteBlack;2.7
User16;White;WhiteOrange;2.7
User16;Blue;BlueOrange;2
User16;White;WhiteBlue;2.3
User16;Violet;VioletOrange;2.3
User16;Violet;VioletWhite;2.5
User16;Yellow;YellowWhite;0
User16;Green;GreenBlack;1.7
User16;Gray;GrayBlack;2.3
User16;Violet;VioletGreen;2.3
User16;Blue;BlueRed;1.3
User16;Violet;VioletRed;2
User16;Green;GreenViolet;4
User16;Orange;OrangeWhite;2.3
User16;Red;RedGray;2.3
User16;Green;GreenBlue;1.7
User16;Green;GreenYellow;1
User16;Black;BlackRed;1.7
User16;Gray;GrayBlue;3
User16;Violet;VioletYellow;3.3
User16;White;WhiteYellow;1.7
User16;Green;GreenOrange;2
User16;Blue;BlueGray;2.7
User16;Gray;GrayYellow;0
User16;Black;BlackYellow;0
User17;Green;GreenGray;2.7
User17;Orange;OrangeBlack;2
User17;Red;RedBlack;2.3
User17;Orange;OrangeViolet;2
User17;Yellow;YellowRed;1.7
User17;Gray;GrayViolet;1.7
User17;Blue;BlueViolet;1.3
User17;Blue;BlueYellow;2.3
User17;Yellow;YellowViolet;1.7
User17;Orange;OrangeGreen;2.7
User17;Violet;VioletGray;2.7
User17;Gray;GrayGreen;1.7
User17;Blue;BlueBlack;2
User17;White;WhiteGreen;2.3
User17;Red;RedOrange;1.7
User17;Blue;BlueGreen;2
User17;Yellow;YellowGray;2.3
User17;Black;BlackGreen;2.7
User17;Red;RedGreen;2.7
User17;Orange;OrangeRed;2.3
User17;Black;BlackBlue;2.5
User17;Red;RedViolet;3
User17;Gray;GrayWhite;2.3
User17;White;WhiteViolet;2.5
User17;Orange;OrangeYellow;1.3
User17;Black;BlackViolet;1.7
User17;Yellow;YellowOrange;2.3
User17;Black;BlackWhite;2
User17;Blue;BlueWhite;3
User17;Black;BlackGray;2
User17;White;WhiteRed;3.3
User17;Black;BlackOrange;2
User17;Orange;OrangeBlue;1.7
User17;Orange;OrangeGray;1.7
User17;Yellow;YellowBlack;0.7
User17;Green;GreenWhite;2.7
User17;Yellow;YellowBlue;1.3
User17;Green;GreenRed;1.3
User17;Yellow;YellowGreen;3.3
User17;Red;RedWhite;2.7
User17;Violet;VioletBlue;2.7
User17;Red;RedBlue;1.3
User17;Violet;VioletBlack;1.7
User17;Gray;GrayOrange;2
User17;Gray;GrayRed;1
User17;Red;RedYellow;2.3
User17;White;WhiteGray;3
User17;White;WhiteBlack;1.7
User17;White;WhiteOrange;1
User17;Blue;BlueOrange;2
User17;White;WhiteBlue;1.3
User17;Violet;VioletOrange;2.3
User17;Violet;VioletWhite;2
User17;Yellow;YellowWhite;3
User17;Green;GreenBlack;2
User17;Gray;GrayBlack;3
User17;Violet;VioletGreen;3.3
User17;Blue;BlueRed;1.7
User17;Violet;VioletRed;0.5
User17;Green;GreenViolet;2.7
User17;Orange;OrangeWhite;1.7
User17;Red;RedGray;3
User17;Green;GreenBlue;2
User17;Green;GreenYellow;2
User17;Black;BlackRed;1.7
User17;Gray;GrayBlue;0.7
User17;Violet;VioletYellow;2.3
User17;White;WhiteYellow;2.3
User17;Green;GreenOrange;1.7
User17;Blue;BlueGray;1.3
User17;Gray;GrayYellow;3.5
User17;Black;BlackYellow;1
User18;Green;GreenGray;2.7
User18;Orange;OrangeBlack;0.7
User18;Red;RedBlack;2.3
User18;Orange;OrangeViolet;3
User18;Yellow;YellowRed;0.7
User18;Gray;GrayViolet;1.7
User18;Blue;BlueViolet;3.3
User18;Blue;BlueYellow;1.7
User18;Yellow;YellowViolet;0.3
User18;Orange;OrangeGreen;0.3
User18;Violet;VioletGray;2.3
User18;Gray;GrayGreen;2.7
User18;Blue;BlueBlack;1.3
User18;White;WhiteGreen;2
User18;Red;RedOrange;0.3
User18;Blue;BlueGreen;3
User18;Yellow;YellowGray;1.7
User18;Black;BlackGreen;1
User18;Red;RedGreen;2.7
User18;Orange;OrangeRed;1
User18;Black;BlackBlue;1
User18;Red;RedViolet;1
User18;Gray;GrayWhite;2.7
User18;White;WhiteViolet;1
User18;Orange;OrangeYellow;3
User18;Black;BlackViolet;2.7
User18;Yellow;YellowOrange;3.3
User18;Black;BlackWhite;2
User18;Blue;BlueWhite;1
User18;Black;BlackGray;2.7
User18;White;WhiteRed;2
User18;Black;BlackOrange;2
User18;Orange;OrangeBlue;1.3
User18;Orange;OrangeGray;2
User18;Yellow;YellowBlack;1.3
User18;Green;GreenWhite;4
User18;Yellow;YellowBlue;1.7
User18;Green;GreenRed;1.3
User18;Yellow;YellowGreen;3
User18;Red;RedWhite;1.7
User18;Violet;VioletBlue;1.7
User18;Red;RedBlue;0.7
User18;Violet;VioletBlack;1.3
User18;Gray;GrayOrange;3.7
User18;Gray;GrayRed;3.3
User18;Red;RedYellow;1.7
User18;White;WhiteGray;1.7
User18;White;WhiteBlack;2.3
User18;White;WhiteOrange;0.7
User18;Blue;BlueOrange;2
User18;White;WhiteBlue;1.3
User18;Violet;VioletOrange;2
User18;Violet;VioletWhite;4
User18;Yellow;YellowWhite;0
User18;Green;GreenBlack;0.7
User18;Gray;GrayBlack;2.3
User18;Violet;VioletGreen;2.7
User18;Blue;BlueRed;1.7
User18;Violet;VioletRed;0
User18;Green;GreenViolet;2
User18;Orange;OrangeWhite;1.3
User18;Red;RedGray;2.7
User18;Green;GreenBlue;1.7
User18;Green;GreenYellow;1.3
User18;Black;BlackRed;3
User18;Gray;GrayBlue;1.7
User18;Violet;VioletYellow;2.7
User18;White;WhiteYellow;3.3
User18;Green;GreenOrange;2.3
User18;Blue;BlueGray;2.3
User18;Gray;GrayYellow;4
User18;Black;BlackYellow;2
User19;Green;GreenGray;1.3
User19;Orange;OrangeBlack;2
User19;Red;RedBlack;1
User19;Orange;OrangeViolet;2
User19;Yellow;YellowRed;1.7
User19;Gray;GrayViolet;2.7
User19;Blue;BlueViolet;2
User19;Blue;BlueYellow;1
User19;Yellow;YellowViolet;2.3
User19;Orange;OrangeGreen;3
User19;Violet;VioletGray;1.3
User19;Gray;GrayGreen;0.7
User19;Blue;BlueBlack;2
User19;White;WhiteGreen;3
User19;Red;RedOrange;2.3
User19;Blue;BlueGreen;0.7
User19;Yellow;YellowGray;2
User19;Black;BlackGreen;0.7
User19;Red;RedGreen;2.7
User19;Orange;OrangeRed;0.7
User19;Black;BlackBlue;3.5
User19;Red;RedViolet;1.3
User19;Gray;GrayWhite;0.7
User19;White;WhiteViolet;1.5
User19;Orange;OrangeYellow;3.3
User19;Black;BlackViolet;2.7
User19;Yellow;YellowOrange;2
User19;Black;BlackWhite;2.3
User19;Blue;BlueWhite;1.3
User19;Black;BlackGray;1
User19;White;WhiteRed;3.3
User19;Black;BlackOrange;2.7
User19;Orange;OrangeBlue;1.7
User19;Orange;OrangeGray;2
User19;Yellow;YellowBlack;2.7
User19;Green;GreenWhite;3.3
User19;Yellow;YellowBlue;2
User19;Green;GreenRed;1.3
User19;Yellow;YellowGreen;2
User19;Red;RedWhite;1.3
User19;Violet;VioletBlue;2
User19;Red;RedBlue;1.7
User19;Violet;VioletBlack;2.7
User19;Gray;GrayOrange;1.7
User19;Gray;GrayRed;2
User19;Red;RedYellow;2.3
User19;White;WhiteGray;4
User19;White;WhiteBlack;2.7
User19;White;WhiteOrange;0.3
User19;Blue;BlueOrange;2
User19;White;WhiteBlue;2.3
User19;Violet;VioletOrange;2.3
User19;Violet;VioletWhite;2.5
User19;Yellow;YellowWhite;1
User19;Green;GreenBlack;2.7
User19;Gray;GrayBlack;1.7
User19;Violet;VioletGreen;2
User19;Blue;BlueRed;2.3
User19;Violet;VioletRed;1.5
User19;Green;GreenViolet;2.3
User19;Orange;OrangeWhite;1.3
User19;Red;RedGray;0.7
User19;Green;GreenBlue;2.7
User19;Green;GreenYellow;2.3
User19;Black;BlackRed;2
User19;Gray;GrayBlue;1.7
User19;Violet;VioletYellow;2.3
User19;White;WhiteYellow;2.3
User19;Green;GreenOrange;2.7
User19;Blue;BlueGray;2.3
User19;Gray;GrayYellow;1
User19;Black;BlackYellow;3
User20;Green;GreenGray;1
User20;Orange;OrangeBlack;2.7
User20;Red;RedBlack;2.7
User20;Orange;OrangeViolet;2.3
User20;Yellow;YellowRed;2.3
User20;Gray;GrayViolet;0.3
User20;Blue;BlueViolet;1.7
User20;Blue;BlueYellow;1.3
User20;Yellow;YellowViolet;1.7
User20;Orange;OrangeGreen;2.3
User20;Violet;VioletGray;1
User20;Gray;GrayGreen;2.3
User20;Blue;BlueBlack;1.7
User20;White;WhiteGreen;4
User20;Red;RedOrange;1.7
User20;Blue;BlueGreen;1.3
User20;Yellow;YellowGray;2
User20;Black;BlackGreen;2.7
User20;Red;RedGreen;2
User20;Orange;OrangeRed;3
User20;Black;BlackBlue;1.5
User20;Red;RedViolet;1
User20;Gray;GrayWhite;0.7
User20;White;WhiteViolet;3
User20;Orange;OrangeYellow;2.3
User20;Black;BlackViolet;0.7
User20;Yellow;YellowOrange;2.7
User20;Black;BlackWhite;2.3
User20;Blue;BlueWhite;1.3
User20;Black;BlackGray;2.7
User20;White;WhiteRed;3
User20;Black;BlackOrange;1.7
User20;Orange;OrangeBlue;0.7
User20;Orange;OrangeGray;2
User20;Yellow;YellowBlack;0.3
User20;Green;GreenWhite;2.7
User20;Yellow;YellowBlue;2.3
User20;Green;GreenRed;0.3
User20;Yellow;YellowGreen;1.3
User20;Red;RedWhite;2.3
User20;Violet;VioletBlue;2.3
User20;Red;RedBlue;3
User20;Violet;VioletBlack;2.7
User20;Gray;GrayOrange;2.3
User20;Gray;GrayRed;2.7
User20;Red;RedYellow;2.3
User20;White;WhiteGray;2.7
User20;White;WhiteBlack;2.7
User20;White;WhiteOrange;1.7
User20;Blue;BlueOrange;2
User20;White;WhiteBlue;2.3
User20;Violet;VioletOrange;2.3
User20;Violet;VioletWhite;3
User20;Yellow;YellowWhite;3
User20;Green;GreenBlack;3
User20;Gray;GrayBlack;1.3
User20;Violet;VioletGreen;0.3
User20;Blue;BlueRed;2
User20;Violet;VioletRed;2.5
User20;Green;GreenViolet;2
User20;Orange;OrangeWhite;1.7
User20;Red;RedGray;1
User20;Green;GreenBlue;1.7
User20;Green;GreenYellow;1
User20;Black;BlackRed;2.3
User20;Gray;GrayBlue;2.7
User20;Violet;VioletYellow;2
User20;White;WhiteYellow;1.3
User20;Green;GreenOrange;2.3
User20;Blue;BlueGray;0
User20;Gray;GrayYellow;0
User20;Black;BlackYellow;4
User21;Green;GreenGray;1.3
User21;Orange;OrangeBlack;1.7
User21;Red;RedBlack;1.7
User21;Orange;OrangeViolet;3
User21;Yellow;YellowRed;1.3
User21;Gray;GrayViolet;2.3
User21;Blue;BlueViolet;2.7
User21;Blue;BlueYellow;1.7
User21;Yellow;YellowViolet;2
User21;Orange;OrangeGreen;3
User21;Violet;VioletGray;2
User21;Gray;GrayGreen;1.3
User21;Blue;BlueBlack;2.3
User21;White;WhiteGreen;1.7
User21;Red;RedOrange;2
User21;Blue;BlueGreen;1.7
User21;Yellow;YellowGray;3
User21;Black;BlackGreen;2
User21;Red;RedGreen;1.7
User21;Orange;OrangeRed;1
User21;Black;BlackBlue;3.5
User21;Red;RedViolet;3
User21;Gray;GrayWhite;1
User21;White;WhiteViolet;2
User21;Orange;OrangeYellow;2
User21;Black;BlackViolet;2
User21;Yellow;YellowOrange;2.7
User21;Black;BlackWhite;1.3
User21;Blue;BlueWhite;2
User21;Black;BlackGray;4
User21;White;WhiteRed;1.7
User21;Black;BlackOrange;0.3
User21;Orange;OrangeBlue;2.3
User21;Orange;OrangeGray;1.3
User21;Yellow;YellowBlack;1
User21;Green;GreenWhite;2.3
User21;Yellow;YellowBlue;2
User21;Green;GreenRed;1.7
User21;Yellow;YellowGreen;0.3
User21;Red;RedWhite;1.7
User21;Violet;VioletBlue;1.7
User21;Red;RedBlue;2
User21;Violet;VioletBlack;1
User21;Gray;GrayOrange;1
User21;Gray;GrayRed;1.3
User21;Red;RedYellow;2.3
User21;White;WhiteGray;1.3
User21;White;WhiteBlack;1.3
User21;White;WhiteOrange;0.7
User21;Blue;BlueOrange;1
User21;White;WhiteBlue;2.7
User21;Violet;VioletOrange;1.3
User21;Violet;VioletWhite;3.5
User21;Yellow;YellowWhite;0
User21;Green;GreenBlack;1.7
User21;Gray;GrayBlack;2
User21;Violet;VioletGreen;3
User21;Blue;BlueRed;1
User21;Violet;VioletRed;3
User21;Green;GreenViolet;2
User21;Orange;OrangeWhite;2.3
User21;Red;RedGray;2.3
User21;Green;GreenBlue;3
User21;Green;GreenYellow;2.7
User21;Black;BlackRed;1.7
User21;Gray;GrayBlue;2.7
User21;Violet;VioletYellow;1.3
User21;White;WhiteYellow;2.7
User21;Green;GreenOrange;3.7
User21;Blue;BlueGray;1.3
User21;Gray;GrayYellow;3
User21;Black;BlackYellow;3
User22;Green;GreenGray;2.7
User22;Orange;OrangeBlack;3
User22;Red;RedBlack;4
User22;Orange;OrangeViolet;2.3
User22;Yellow;YellowRed;3
User22;Gray;GrayViolet;1.7
User22;Blue;BlueViolet;0.7
User22;Blue;BlueYellow;1
User22;Yellow;YellowViolet;2.7
User22;Orange;OrangeGreen;0.7
User22;Violet;VioletGray;1.7
User22;Gray;GrayGreen;1.3
User22;Blue;BlueBlack;2.3
User22;White;WhiteGreen;2.3
User22;Red;RedOrange;3
User22;Blue;BlueGreen;1.3
User22;Yellow;YellowGray;3.3
User22;Black;BlackGreen;2.3
User22;Red;RedGreen;2.3
User22;Orange;OrangeRed;1.3
User22;Black;BlackBlue;2.5
User22;Red;RedViolet;1.7
User22;Gray;GrayWhite;1.7
User22;White;WhiteViolet;2
User22;Orange;OrangeYellow;2
User22;Black;BlackViolet;2
User22;Yellow;YellowOrange;3
User22;Black;BlackWhite;3
User22;Blue;BlueWhite;1.3
User22;Black;BlackGray;1.7
User22;White;WhiteRed;2
User22;Black;BlackOrange;1.3
User22;Orange;OrangeBlue;0.3
User22;Orange;OrangeGray;1.3
User22;Yellow;YellowBlack;2.7
User22;Green;GreenWhite;2.3
User22;Yellow;YellowBlue;1.7
User22;Green;GreenRed;2.3
User22;Yellow;YellowGreen;2.3
User22;Red;RedWhite;1.7
User22;Violet;VioletBlue;1
User22;Red;RedBlue;1.7
User22;Violet;VioletBlack;1.3
User22;Gray;GrayOrange;2
User22;Gray;GrayRed;2.3
User22;Red;RedYellow;3
User22;White;WhiteGray;1.7
User22;White;WhiteBlack;2.3
User22;White;WhiteOrange;2.3
User22;Blue;BlueOrange;3
User22;White;WhiteBlue;2
User22;Violet;VioletOrange;2
User22;Violet;VioletWhite;0
User22;Yellow;YellowWhite;1
User22;Green;GreenBlack;2
User22;Gray;GrayBlack;1.7
User22;Violet;VioletGreen;1.7
User22;Blue;BlueRed;2
User22;Violet;VioletRed;3
User22;Green;GreenViolet;2.7
User22;Orange;OrangeWhite;2.3
User22;Red;RedGray;2.7
User22;Green;GreenBlue;2
User22;Green;GreenYellow;0.7
User22;Black;BlackRed;1.3
User22;Gray;GrayBlue;1.3
User22;Violet;VioletYellow;2
User22;White;WhiteYellow;3.3
User22;Green;GreenOrange;3.3
User22;Blue;BlueGray;3
User22;Gray;GrayYellow;1.5
User22;Black;BlackYellow;3
User23;Green;GreenGray;2.7
User23;Orange;OrangeBlack;2
User23;Red;RedBlack;0.7
User23;Orange;OrangeViolet;1.7
User23;Yellow;YellowRed;1.3
User23;Gray;GrayViolet;2
User23;Blue;BlueViolet;1.3
User23;Blue;BlueYellow;2.7
User23;Yellow;YellowViolet;1.3
User23;Orange;OrangeGreen;3.3
User23;Violet;VioletGray;2
User23;Gray;GrayGreen;2.3
User23;Blue;BlueBlack;2.7
User23;White;WhiteGreen;2.7
User23;Red;RedOrange;1.7
User23;Blue;BlueGreen;2
User23;Yellow;YellowGray;3
User23;Black;BlackGreen;1
User23;Red;RedGreen;1
User23;Orange;OrangeRed;2.7
User23;Black;BlackBlue;0
User23;Red;RedViolet;2.3
User23;Gray;GrayWhite;1.3
User23;White;WhiteViolet;2.5
User23;Orange;OrangeYellow;3
User23;Black;BlackViolet;2.7
User23;Yellow;YellowOrange;0.7
User23;Black;BlackWhite;1.7
User23;Blue;BlueWhite;2
User23;Black;BlackGray;2.3
User23;White;WhiteRed;2.3
User23;Black;BlackOrange;3.3
User23;Orange;OrangeBlue;1.7
User23;Orange;OrangeGray;2.3
User23;Yellow;YellowBlack;2
User23;Green;GreenWhite;2.7
User23;Yellow;YellowBlue;1.7
User23;Green;GreenRed;0
User23;Yellow;YellowGreen;2.3
User23;Red;RedWhite;1.7
User23;Violet;VioletBlue;2.3
User23;Red;RedBlue;3.3
User23;Violet;VioletBlack;1.3
User23;Gray;GrayOrange;2.3
User23;Gray;GrayRed;0.3
User23;Red;RedYellow;1.7
User23;White;WhiteGray;2.7
User23;White;WhiteBlack;2.7
User23;White;WhiteOrange;2
User23;Blue;BlueOrange;2.5
User23;White;WhiteBlue;3.7
User23;Violet;VioletOrange;1
User23;Violet;VioletWhite;2
User23;Yellow;YellowWhite;3
User23;Green;GreenBlack;2.3
User23;Gray;GrayBlack;2.3
User23;Violet;VioletGreen;1.7
User23;Blue;BlueRed;2
User23;Violet;VioletRed;3
User23;Green;GreenViolet;2.7
User23;Orange;OrangeWhite;3
User23;Red;RedGray;0.7
User23;Green;GreenBlue;1.3
User23;Green;GreenYellow;1.7
User23;Black;BlackRed;2.3
User23;Gray;GrayBlue;2
User23;Violet;VioletYellow;1.3
User23;White;WhiteYellow;0.3
User23;Green;GreenOrange;1.3
User23;Blue;BlueGray;0.3
User23;Gray;GrayYellow;3
User23;Black;BlackYellow;0
User24;Green;GreenGray;2.7
User24;Orange;OrangeBlack;2.3
User24;Red;RedBlack;1.7
User24;Orange;OrangeViolet;1.3
User24;Yellow;YellowRed;3.3
User24;Gray;GrayViolet;2
User24;Blue;BlueViolet;1.3
User24;Blue;BlueYellow;2
User24;Yellow;YellowViolet;3
User24;Orange;OrangeGreen;1.7
User24;Violet;VioletGray;2.3
User24;Gray;GrayGreen;2.7
User24;Blue;BlueBlack;1.3
User24;White;WhiteGreen;1.3
User24;Red;RedOrange;1.7
User24;Blue;BlueGreen;1.3
User24;Yellow;YellowGray;1
User24;Black;BlackGreen;1.7
User24;Red;RedGreen;3.7
User24;Orange;OrangeRed;2.7
User24;Black;BlackBlue;2.5
User24;Red;RedViolet;1
User24;Gray;GrayWhite;3
User24;White;WhiteViolet;1.5
User24;Orange;OrangeYellow;1.7
User24;Black;BlackViolet;1
User24;Yellow;YellowOrange;1.3
User24;Black;BlackWhite;2
User24;Blue;BlueWhite;1.7
User24;Black;BlackGray;2.7
User24;White;WhiteRed;0.7
User24;Black;BlackOrange;2.7
User24;Orange;OrangeBlue;2.3
User24;Orange;OrangeGray;1.3
User24;Yellow;YellowBlack;1
User24;Green;GreenWhite;1.7
User24;Yellow;YellowBlue;0.7
User24;Green;GreenRed;2
User24;Yellow;YellowGreen;1.7
User24;Red;RedWhite;1.7
User24;Violet;VioletBlue;2
User24;Red;RedBlue;1
User24;Violet;VioletBlack;2.7
User24;Gray;GrayOrange;1.3
User24;Gray;GrayRed;2.3
User24;Red;RedYellow;3
User24;White;WhiteGray;1
User24;White;WhiteBlack;1.7
User24;White;WhiteOrange;0.7
User24;Blue;BlueOrange;2.5
User24;White;WhiteBlue;2.7
User24;Violet;VioletOrange;3
User24;Violet;VioletWhite;1.5
User24;Yellow;YellowWhite;2.5
User24;Green;GreenBlack;2
User24;Gray;GrayBlack;2.7
User24;Violet;VioletGreen;2
User24;Blue;BlueRed;3
User24;Violet;VioletRed;1.5
User24;Green;GreenViolet;2
User24;Orange;OrangeWhite;1.7
User24;Red;RedGray;2
User24;Green;GreenBlue;3
User24;Green;GreenYellow;2
User24;Black;BlackRed;1
User24;Gray;GrayBlue;2.3
User24;Violet;VioletYellow;2
User24;White;WhiteYellow;3
User24;Green;GreenOrange;3.3
User24;Blue;BlueGray;2.3
User24;Gray;GrayYellow;3
User24;Black;BlackYellow;4
User25;Green;GreenGray;2.3
User25;Orange;OrangeBlack;1.7
User25;Red;RedBlack;2.3
User25;Orange;OrangeViolet;1.3
User25;Yellow;YellowRed;3
User25;Gray;GrayViolet;3.3
User25;Blue;BlueViolet;2
User25;Blue;BlueYellow;2
User25;Yellow;YellowViolet;2.3
User25;Orange;OrangeGreen;2.7
User25;Violet;VioletGray;3.7
User25;Gray;GrayGreen;2.7
User25;Blue;BlueBlack;1.7
User25;White;WhiteGreen;3
User25;Red;RedOrange;0.7
User25;Blue;BlueGreen;1.3
User25;Yellow;YellowGray;1.7
User25;Black;BlackGreen;1.7
User25;Red;RedGreen;2.3
User25;Orange;OrangeRed;2.3
User25;Black;BlackBlue;2.5
User25;Red;RedViolet;3.7
User25;Gray;GrayWhite;3
User25;White;WhiteViolet;2
User25;Orange;OrangeYellow;1.3
User25;Black;BlackViolet;3
User25;Yellow;YellowOrange;3
User25;Black;BlackWhite;1.7
User25;Blue;BlueWhite;2
User25;Black;BlackGray;0.7
User25;White;WhiteRed;2.7
User25;Black;BlackOrange;1.7
User25;Orange;OrangeBlue;1.7
User25;Orange;OrangeGray;2.3
User25;Yellow;YellowBlack;2
User25;Green;GreenWhite;2.7
User25;Yellow;YellowBlue;2
User25;Green;GreenRed;1.3
User25;Yellow;YellowGreen;2.3
User25;Red;RedWhite;1
User25;Violet;VioletBlue;3
User25;Red;RedBlue;2
User25;Violet;VioletBlack;3
User25;Gray;GrayOrange;2.7
User25;Gray;GrayRed;2.3
User25;Red;RedYellow;0.7
User25;White;WhiteGray;2.3
User25;White;WhiteBlack;3
User25;White;WhiteOrange;1.3
User25;Blue;BlueOrange;3
User25;White;WhiteBlue;3.3
User25;Violet;VioletOrange;1.3
User25;Violet;VioletWhite;3.5
User25;Yellow;YellowWhite;1.5
User25;Green;GreenBlack;2.7
User25;Gray;GrayBlack;2.7
User25;Violet;VioletGreen;1.7
User25;Blue;BlueRed;1.3
User25;Violet;VioletRed;3
User25;Green;GreenViolet;1.7
User25;Orange;OrangeWhite;2
User25;Red;RedGray;1.7
User25;Green;GreenBlue;2.7
User25;Green;GreenYellow;2.7
User25;Black;BlackRed;2
User25;Gray;GrayBlue;0
User25;Violet;VioletYellow;1.3
User25;White;WhiteYellow;1
User25;Green;GreenOrange;0
User25;Blue;BlueGray;1.3
User25;Gray;GrayYellow;1.5
User25;Black;BlackYellow;0
User26;Green;GreenGray;3.7
User26;Orange;OrangeBlack;2.3
User26;Red;RedBlack;1.7
User26;Orange;OrangeViolet;0.7
User26;Yellow;YellowRed;3
User26;Gray;GrayViolet;2.7
User26;Blue;BlueViolet;2
User26;Blue;BlueYellow;2.3
User26;Yellow;YellowViolet;2
User26;Orange;OrangeGreen;2
User26;Violet;VioletGray;2.7
User26;Gray;GrayGreen;1.7
User26;Blue;BlueBlack;1
User26;White;WhiteGreen;2.7
User26;Red;RedOrange;3
User26;Blue;BlueGreen;2.7
User26;Yellow;YellowGray;1.3
User26;Black;BlackGreen;0.7
User26;Red;RedGreen;1.7
User26;Orange;OrangeRed;1.7
User26;Black;BlackBlue;2.5
User26;Red;RedViolet;1.3
User26;Gray;GrayWhite;2.7
User26;White;WhiteViolet;1.5
User26;Orange;OrangeYellow;0.3
User26;Black;BlackViolet;2.7
User26;Yellow;YellowOrange;1.7
User26;Black;BlackWhite;2
User26;Blue;BlueWhite;2
User26;Black;BlackGray;3
User26;White;WhiteRed;1.3
User26;Black;BlackOrange;1
User26;Orange;OrangeBlue;0.7
User26;Orange;OrangeGray;3
User26;Yellow;YellowBlack;2.3
User26;Green;GreenWhite;1.3
User26;Yellow;YellowBlue;0.3
User26;Green;GreenRed;0.3
User26;Yellow;YellowGreen;3
User26;Red;RedWhite;1.7
User26;Violet;VioletBlue;2
User26;Red;RedBlue;1.3
User26;Violet;VioletBlack;1
User26;Gray;GrayOrange;2.3
User26;Gray;GrayRed;1.7
User26;Red;RedYellow;1.7
User26;White;WhiteGray;2
User26;White;WhiteBlack;3.7
User26;White;WhiteOrange;4
User26;Blue;BlueOrange;3
User26;White;WhiteBlue;1
User26;Violet;VioletOrange;0.7
User26;Violet;VioletWhite;1.5
User26;Yellow;YellowWhite;2.5
User26;Green;GreenBlack;1
User26;Gray;GrayBlack;1.7
User26;Violet;VioletGreen;0.7
User26;Blue;BlueRed;1.3
User26;Violet;VioletRed;1
User26;Green;GreenViolet;1.7
User26;Orange;OrangeWhite;1.3
User26;Red;RedGray;3
User26;Green;GreenBlue;1.3
User26;Green;GreenYellow;2.3
User26;Black;BlackRed;2
User26;Gray;GrayBlue;2.3
User26;Violet;VioletYellow;3.7
User26;White;WhiteYellow;2
User26;Green;GreenOrange;2
User26;Blue;BlueGray;1
User26;Gray;GrayYellow;0.5
User26;Black;BlackYellow;1
User27;Green;GreenGray;2
User27;Orange;OrangeBlack;1.7
User27;Red;RedBlack;2.3
User27;Orange;OrangeViolet;2.7
User27;Yellow;YellowRed;1.7
User27;Gray;GrayViolet;3
User27;Blue;BlueViolet;1.3
User27;Blue;BlueYellow;1.3
User27;Yellow;YellowViolet;3
User27;Orange;OrangeGreen;0.7
User27;Violet;VioletGray;2
User27;Gray;GrayGreen;2.7
User27;Blue;BlueBlack;2.7
User27;White;WhiteGreen;1
User27;Red;RedOrange;1.3
User27;Blue;BlueGreen;1.7
User27;Yellow;YellowGray;3.3
User27;Black;BlackGreen;2
User27;Red;RedGreen;0
User27;Orange;OrangeRed;2.7
User27;Black;BlackBlue;1
User27;Red;RedViolet;2.7
User27;Gray;GrayWhite;2.7
User27;White;WhiteViolet;1
User27;Orange;OrangeYellow;3.3
User27;Black;BlackViolet;0.3
User27;Yellow;YellowOrange;2.3
User27;Black;BlackWhite;3
User27;Blue;BlueWhite;1.3
User27;Black;BlackGray;1.3
User27;White;WhiteRed;1.7
User27;Black;BlackOrange;4
User27;Orange;OrangeBlue;1.3
User27;Orange;OrangeGray;1.3
User27;Yellow;YellowBlack;2
User27;Green;GreenWhite;2.7
User27;Yellow;YellowBlue;3.7
User27;Green;GreenRed;1.3
User27;Yellow;YellowGreen;0.7
User27;Red;RedWhite;1
User27;Violet;VioletBlue;2.7
User27;Red;RedBlue;3
User27;Violet;VioletBlack;1.7
User27;Gray;GrayOrange;0.7
User27;Gray;GrayRed;1.7
User27;Red;RedYellow;3.3
User27;White;WhiteGray;1.3
User27;White;WhiteBlack;2
User27;White;WhiteOrange;2.3
User27;Blue;BlueOrange;1.5
User27;White;WhiteBlue;2.3
User27;Violet;VioletOrange;1.7
User27;Violet;VioletWhite;0
User27;Yellow;YellowWhite;2
User27;Green;GreenBlack;1.3
User27;Gray;GrayBlack;3
User27;Violet;VioletGreen;1
User27;Blue;BlueRed;1.3
User27;Violet;VioletRed;3
User27;Green;GreenViolet;1
User27;Orange;OrangeWhite;2
User27;Red;RedGray;2.3
User27;Green;GreenBlue;2.7
User27;Green;GreenYellow;2.3
User27;Black;BlackRed;3.3
User27;Gray;GrayBlue;2.7
User27;Violet;VioletYellow;1
User27;White;WhiteYellow;2
User27;Green;GreenOrange;2
User27;Blue;BlueGray;2
User27;Gray;GrayYellow;2.5
User27;Black;BlackYellow;4
User28;Green;GreenGray;3.7
User28;Orange;OrangeBlack;1.3
User28;Red;RedBlack;2.3
User28;Orange;OrangeViolet;2
User28;Yellow;YellowRed;0
User28;Gray;GrayViolet;1.7
User28;Blue;BlueViolet;1.7
User28;Blue;BlueYellow;0.7
User28;Yellow;YellowViolet;2.3
User28;Orange;OrangeGreen;1.3
User28;Violet;VioletGray;3
User28;Gray;GrayGreen;2.7
User28;Blue;BlueBlack;3
User28;White;WhiteGreen;1.7
User28;Red;RedOrange;2.7
User28;Blue;BlueGreen;3.7
User28;Yellow;YellowGray;1.3
User28;Black;BlackGreen;2.7
User28;Red;RedGreen;2.3
User28;Orange;OrangeRed;2.3
User28;Black;BlackBlue;2
User28;Red;RedViolet;0.7
User28;Gray;GrayWhite;1.7
User28;White;WhiteViolet;3
User28;Orange;OrangeYellow;1.7
User28;Black;BlackViolet;2
User28;Yellow;YellowOrange;1.3
User28;Black;BlackWhite;3.7
User28;Blue;BlueWhite;1
User28;Black;BlackGray;3
User28;White;WhiteRed;1
User28;Black;BlackOrange;3
User28;Orange;OrangeBlue;1.7
User28;Orange;OrangeGray;0
User28;Yellow;YellowBlack;2
User28;Green;GreenWhite;1.3
User28;Yellow;YellowBlue;2.7
User28;Green;GreenRed;3.3
User28;Yellow;YellowGreen;1.7
User28;Red;RedWhite;2.7
User28;Violet;VioletBlue;0
User28;Red;RedBlue;2.7
User28;Violet;VioletBlack;2
User28;Gray;GrayOrange;2.7
User28;Gray;GrayRed;1.3
User28;Red;RedYellow;0.7
User28;White;WhiteGray;1
User28;White;WhiteBlack;2
User28;White;WhiteOrange;1.3
User28;Blue;BlueOrange;2.5
User28;White;WhiteBlue;2
User28;Violet;VioletOrange;0.3
User28;Violet;VioletWhite;0
User28;Yellow;YellowWhite;2
User28;Green;GreenBlack;2.7
User28;Gray;GrayBlack;3
User28;Violet;VioletGreen;1.3
User28;Blue;BlueRed;1.3
User28;Violet;VioletRed;2.5
User28;Green;GreenViolet;1.3
User28;Orange;OrangeWhite;2.3
User28;Red;RedGray;2
User28;Green;GreenBlue;1
User28;Green;GreenYellow;1.7
User28;Black;BlackRed;2.3
User28;Gray;GrayBlue;1.7
User28;Violet;VioletYellow;1.7
User28;White;WhiteYellow;1
User28;Green;GreenOrange;2
User28;Blue;BlueGray;3
User28;Gray;GrayYellow;2
User28;Black;BlackYellow;0
User29;Green;GreenGray;1.3
User29;Orange;OrangeBlack;0.7
User29;Red;RedBlack;1.3
User29;Orange;OrangeViolet;3
User29;Yellow;YellowRed;3.3
User29;Gray;GrayViolet;3.3
User29;Blue;BlueViolet;1.3
User29;Blue;BlueYellow;2.7
User29;Yellow;YellowViolet;1.3
User29;Orange;OrangeGreen;2.7
User29;Violet;VioletGray;1.3
User29;Gray;GrayGreen;2.7
User29;Blue;BlueBlack;2.7
User29;White;WhiteGreen;1
User29;Red;RedOrange;2
User29;Blue;BlueGreen;2
User29;Yellow;YellowGray;2.3
User29;Black;BlackGreen;2
User29;Red;RedGreen;2.3
User29;Orange;OrangeRed;2
User29;Black;BlackBlue;2
User29;Red;RedViolet;1.7
User29;Gray;GrayWhite;2.7
User29;White;WhiteViolet;1
User29;Orange;OrangeYellow;1
User29;Black;BlackViolet;3.3
User29;Yellow;YellowOrange;0.7
User29;Black;BlackWhite;2.7
User29;Blue;BlueWhite;2
User29;Black;BlackGray;3.3
User29;White;WhiteRed;2.7
User29;Black;BlackOrange;2.7
User29;Orange;OrangeBlue;1.7
User29;Orange;OrangeGray;3
User29;Yellow;YellowBlack;2
User29;Green;GreenWhite;2.7
User29;Yellow;YellowBlue;1.3
User29;Green;GreenRed;2.3
User29;Yellow;YellowGreen;2
User29;Red;RedWhite;1.3
User29;Violet;VioletBlue;3
User29;Red;RedBlue;0.7
User29;Violet;VioletBlack;1.7
User29;Gray;GrayOrange;3
User29;Gray;GrayRed;1.7
User29;Red;RedYellow;2
User29;White;WhiteGray;1.7
User29;White;WhiteBlack;1.3
User29;White;WhiteOrange;3.3
User29;Blue;BlueOrange;2
User29;White;WhiteBlue;2.7
User29;Violet;VioletOrange;0.3
User29;Violet;VioletWhite;2
User29;Yellow;YellowWhite;3.5
User29;Green;GreenBlack;3.3
User29;Gray;GrayBlack;2
User29;Violet;VioletGreen;2.7
User29;Blue;BlueRed;1.7
User29;Violet;VioletRed;2.5
User29;Green;GreenViolet;1.3
User29;Orange;OrangeWhite;2.3
User29;Red;RedGray;2
User29;Green;GreenBlue;1.3
User29;Green;GreenYellow;2.7
User29;Black;BlackRed;1.7
User29;Gray;GrayBlue;2.3
User29;Violet;VioletYellow;0.7
User29;White;WhiteYellow;1.7
User29;Green;GreenOrange;2
User29;Blue;BlueGray;2.3
User29;Gray;GrayYellow;1.5
User29;Black;BlackYellow;0
User30;Green;GreenGray;1.3
User30;Orange;OrangeBlack;2.3
User30;Red;RedBlack;1
User30;Orange;OrangeViolet;1.3
User30;Yellow;YellowRed;1.3
User30;Gray;GrayViolet;2.3
User30;Blue;BlueViolet;1.7
User30;Blue;BlueYellow;2
User30;Yellow;YellowViolet;2.7
User30;Orange;OrangeGreen;2
User30;Violet;VioletGray;3
User30;Gray;GrayGreen;1.7
User30;Blue;BlueBlack;2.3
User30;White;WhiteGreen;1.3
User30;Red;RedOrange;1.7
User30;Blue;BlueGreen;2
User30;Yellow;YellowGray;1
User30;Black;BlackGreen;1.7
User30;Red;RedGreen;3
User30;Orange;OrangeRed;3
User30;Black;BlackBlue;1
User30;Red;RedViolet;2
User30;Gray;GrayWhite;1.7
User30;White;WhiteViolet;3
User30;Orange;OrangeYellow;2.3
User30;Black;BlackViolet;0.3
User30;Yellow;YellowOrange;1.7
User30;Black;BlackWhite;2.3
User30;Blue;BlueWhite;3
User30;Black;BlackGray;2.3
User30;White;WhiteRed;1.7
User30;Black;BlackOrange;2
User30;Orange;OrangeBlue;2.3
User30;Orange;OrangeGray;3
User30;Yellow;YellowBlack;3
User30;Green;GreenWhite;0.3
User30;Yellow;YellowBlue;2
User30;Green;GreenRed;1.3
User30;Yellow;YellowGreen;2
User30;Red;RedWhite;2.3
User30;Violet;VioletBlue;1.3
User30;Red;RedBlue;3
User30;Violet;VioletBlack;2
User30;Gray;GrayOrange;1.7
User30;Gray;GrayRed;1
User30;Red;RedYellow;3
User30;White;WhiteGray;1.3
User30;White;WhiteBlack;2
User30;White;WhiteOrange;3
User30;Blue;BlueOrange;2
User30;White;WhiteBlue;2
User30;Violet;VioletOrange;2.3
User30;Violet;VioletWhite;0
User30;Yellow;YellowWhite;1
User30;Green;GreenBlack;1.7
User30;Gray;GrayBlack;1.3
User30;Violet;VioletGreen;0
User30;Blue;BlueRed;2.3
User30;Violet;VioletRed;2
User30;Green;GreenViolet;1
User30;Orange;OrangeWhite;1.3
User30;Red;RedGray;1.7
User30;Green;GreenBlue;0.7
User30;Green;GreenYellow;2
User30;Black;BlackRed;1.3
User30;Gray;GrayBlue;1
User30;Violet;VioletYellow;1.3
User30;White;WhiteYellow;3.3
User30;Green;GreenOrange;3
User30;Blue;BlueGray;1.7
User30;Gray;GrayYellow;2.5
User30;Black;BlackYellow;3
User31;Green;GreenGray;2.3
User31;Orange;OrangeBlack;1.3
User31;Red;RedBlack;1.7
User31;Orange;OrangeViolet;1.3
User31;Yellow;YellowRed;1.3
User31;Gray;GrayViolet;1.3
User31;Blue;BlueViolet;3.3
User31;Blue;BlueYellow;1
User31;Yellow;YellowViolet;2.7
User31;Orange;OrangeGreen;3
User31;Violet;VioletGray;2
User31;Gray;GrayGreen;3
User31;Blue;BlueBlack;1.3
User31;White;WhiteGreen;2
User31;Red;RedOrange;2
User31;Blue;BlueGreen;3
User31;Yellow;YellowGray;1.7
User31;Black;BlackGreen;2.3
User31;Red;RedGreen;2
User31;Orange;OrangeRed;0.7
User31;Black;BlackBlue;1
User31;Red;RedViolet;2
User31;Gray;GrayWhite;1.3
User31;White;WhiteViolet;0.5
User31;Orange;OrangeYellow;1.3
User31;Black;BlackViolet;3.7
User31;Yellow;YellowOrange;0.7
User31;Black;BlackWhite;0.3
User31;Blue;BlueWhite;2.7
User31;Black;BlackGray;0
User31;White;WhiteRed;2
User31;Black;BlackOrange;1.7
User31;Orange;OrangeBlue;1.3
User31;Orange;OrangeGray;1.7
User31;Yellow;YellowBlack;1.7
User31;Green;GreenWhite;0.7
User31;Yellow;YellowBlue;2.7
User31;Green;GreenRed;3
User31;Yellow;YellowGreen;2.3
User31;Red;RedWhite;3
User31;Violet;VioletBlue;3
User31;Red;RedBlue;1.7
User31;Violet;VioletBlack;1.3
User31;Gray;GrayOrange;2.3
User31;Gray;GrayRed;2.7
User31;Red;RedYellow;0.7
User31;White;WhiteGray;3
User31;White;WhiteBlack;2
User31;White;WhiteOrange;2.3
User31;Blue;BlueOrange;2.5
User31;White;WhiteBlue;2.7
User31;Violet;VioletOrange;2.7
User31;Violet;VioletWhite;1
User31;Yellow;YellowWhite;4
User31;Green;GreenBlack;3
User31;Gray;GrayBlack;3
User31;Violet;VioletGreen;3
User31;Blue;BlueRed;2.3
User31;Violet;VioletRed;0
User31;Green;GreenViolet;0.3
User31;Orange;OrangeWhite;2.3
User31;Red;RedGray;2.7
User31;Green;GreenBlue;2
User31;Green;GreenYellow;0.7
User31;Black;BlackRed;2.3
User31;Gray;GrayBlue;2
User31;Violet;VioletYellow;2.7
User31;White;WhiteYellow;1.3
User31;Green;GreenOrange;1.3
User31;Blue;BlueGray;2
User31;Gray;GrayYellow;2.5
User31;Black;BlackYellow;1
User32;Green;GreenGray;2.3
User32;Orange;OrangeBlack;2.7
User32;Red;RedBlack;1.3
User32;Orange;OrangeViolet;2.7
User32;Yellow;YellowRed;3.3
User32;Gray;GrayViolet;1.3
User32;Blue;BlueViolet;0.3
User32;Blue;BlueYellow;3
User32;Yellow;YellowViolet;2.3
User32;Orange;OrangeGreen;2
User32;Violet;VioletGray;3.3
User32;Gray;GrayGreen;1
User32;Blue;BlueBlack;1.7
User32;White;WhiteGreen;1.7
User32;Red;RedOrange;2.3
User32;Blue;BlueGreen;2.3
User32;Yellow;YellowGray;1.7
User32;Black;BlackGreen;2.3
User32;Red;RedGreen;2.3
User32;Orange;OrangeRed;3
User32;Black;BlackBlue;2
User32;Red;RedViolet;3
User32;Gray;GrayWhite;0.7
User32;White;WhiteViolet;0
User32;Orange;OrangeYellow;3
User32;Black;BlackViolet;2.3
User32;Yellow;YellowOrange;1.3
User32;Black;BlackWhite;1
User32;Blue;BlueWhite;1
User32;Black;BlackGray;3
User32;White;WhiteRed;2.3
User32;Black;BlackOrange;1.3
User32;Orange;OrangeBlue;2
User32;Orange;OrangeGray;3.3
User32;Yellow;YellowBlack;2.7
User32;Green;GreenWhite;1
User32;Yellow;YellowBlue;2.3
User32;Green;GreenRed;4
User32;Yellow;YellowGreen;2.3
User32;Red;RedWhite;2.3
User32;Violet;VioletBlue;1.7
User32;Red;RedBlue;2.7
User32;Violet;VioletBlack;2.7
User32;Gray;GrayOrange;3
User32;Gray;GrayRed;2.7
User32;Red;RedYellow;1.3
User32;White;WhiteGray;2.7
User32;White;WhiteBlack;2.7
User32;White;WhiteOrange;2.3
User32;Blue;BlueOrange;3
User32;White;WhiteBlue;2
User32;Violet;VioletOrange;2.3
User32;Violet;VioletWhite;0
User32;Yellow;YellowWhite;1
User32;Green;GreenBlack;1.7
User32;Gray;GrayBlack;2.3
User32;Violet;VioletGreen;2.7
User32;Blue;BlueRed;2
User32;Violet;VioletRed;1.5
User32;Green;GreenViolet;0.7
User32;Orange;OrangeWhite;0
User32;Red;RedGray;1.7
User32;Green;GreenBlue;2.7
User32;Green;GreenYellow;1
User32;Black;BlackRed;2
User32;Gray;GrayBlue;2.7
User32;Violet;VioletYellow;0
User32;White;WhiteYellow;2.7
User32;Green;GreenOrange;1
User32;Blue;BlueGray;1.3
User32;Gray;GrayYellow;3.5
User32;Black;BlackYellow;4
User33;Green;GreenGray;2.3
User33;Orange;OrangeBlack;3.3
User33;Red;RedBlack;1
User33;Orange;OrangeViolet;2.3
User33;Yellow;YellowRed;3.3
User33;Gray;GrayViolet;1.7
User33;Blue;BlueViolet;1.7
User33;Blue;BlueYellow;3
User33;Yellow;YellowViolet;2
User33;Orange;OrangeGreen;3.7
User33;Violet;VioletGray;4
User33;Gray;GrayGreen;2
User33;Blue;BlueBlack;3
User33;White;WhiteGreen;2
User33;Red;RedOrange;1.3
User33;Blue;BlueGreen;2
User33;Yellow;YellowGray;1.7
User33;Black;BlackGreen;0.7
User33;Red;RedGreen;3
User33;Orange;OrangeRed;1.7
User33;Black;BlackBlue;2
User33;Red;RedViolet;1
User33;Gray;GrayWhite;2
User33;White;WhiteViolet;0
User33;Orange;OrangeYellow;1.7
User33;Black;BlackViolet;2.3
User33;Yellow;YellowOrange;1.3
User33;Black;BlackWhite;3.3
User33;Blue;BlueWhite;1.7
User33;Black;BlackGray;1.3
User33;White;WhiteRed;2.3
User33;Black;BlackOrange;2.3
User33;Orange;OrangeBlue;4
User33;Orange;OrangeGray;1.7
User33;Yellow;YellowBlack;2.3
User33;Green;GreenWhite;1
User33;Yellow;YellowBlue;2.3
User33;Green;GreenRed;3
User33;Yellow;YellowGreen;2.7
User33;Red;RedWhite;3.3
User33;Violet;VioletBlue;3
User33;Red;RedBlue;0.7
User33;Violet;VioletBlack;1.7
User33;Gray;GrayOrange;1.3
User33;Gray;GrayRed;2.3
User33;Red;RedYellow;1
User33;White;WhiteGray;1.7
User33;White;WhiteBlack;0
User33;White;WhiteOrange;3
User33;Blue;BlueOrange;2
User33;White;WhiteBlue;0.7
User33;Violet;VioletOrange;1.7
User33;Violet;VioletWhite;2
User33;Yellow;YellowWhite;2
User33;Green;GreenBlack;1
User33;Gray;GrayBlack;1.7
User33;Violet;VioletGreen;1
User33;Blue;BlueRed;2.7
User33;Violet;VioletRed;2
User33;Green;GreenViolet;2
User33;Orange;OrangeWhite;2.3
User33;Red;RedGray;2.3
User33;Green;GreenBlue;2.3
User33;Green;GreenYellow;3.3
User33;Black;BlackRed;0.7
User33;Gray;GrayBlue;1.3
User33;Violet;VioletYellow;1.7
User33;White;WhiteYellow;2
User33;Green;GreenOrange;3.7
User33;Blue;BlueGray;3
User33;Gray;GrayYellow;2.5
User33;Black;BlackYellow;0
User34;Green;GreenGray;1
User34;Orange;OrangeBlack;2.7
User34;Red;RedBlack;1.7
User34;Orange;OrangeViolet;0
User34;Yellow;YellowRed;2.3
User34;Gray;GrayViolet;2.7
User34;Blue;BlueViolet;0.3
User34;Blue;BlueYellow;2.7
User34;Yellow;YellowViolet;2.3
User34;Orange;OrangeGreen;3
User34;Violet;VioletGray;3.3
User34;Gray;GrayGreen;1.7
User34;Blue;BlueBlack;3.3
User34;White;WhiteGreen;1.7
User34;Red;RedOrange;2.7
User34;Blue;BlueGreen;2.3
User34;Yellow;YellowGray;1
User34;Black;BlackGreen;1.3
User34;Red;RedGreen;1.7
User34;Orange;OrangeRed;1.3
User34;Black;BlackBlue;1.5
User34;Red;RedViolet;1
User34;Gray;GrayWhite;3.3
User34;White;WhiteViolet;2
User34;Orange;OrangeYellow;3
User34;Black;BlackViolet;2.3
User34;Yellow;YellowOrange;0.3
User34;Black;BlackWhite;1.7
User34;Blue;BlueWhite;1
User34;Black;BlackGray;1.7
User34;White;WhiteRed;3.3
User34;Black;BlackOrange;2.3
User34;Orange;OrangeBlue;2
User34;Orange;OrangeGray;3
User34;Yellow;YellowBlack;1
User34;Green;GreenWhite;2
User34;Yellow;YellowBlue;0.7
User34;Green;GreenRed;2
User34;Yellow;YellowGreen;3
User34;Red;RedWhite;1
User34;Violet;VioletBlue;2.3
User34;Red;RedBlue;2
User34;Violet;VioletBlack;0.7
User34;Gray;GrayOrange;2
User34;Gray;GrayRed;1.3
User34;Red;RedYellow;2.7
User34;White;WhiteGray;0.7
User34;White;WhiteBlack;2
User34;White;WhiteOrange;2.7
User34;Blue;BlueOrange;1.5
User34;White;WhiteBlue;2.3
User34;Violet;VioletOrange;1
User34;Violet;VioletWhite;0
User34;Yellow;YellowWhite;2.5
User34;Green;GreenBlack;2.3
User34;Gray;GrayBlack;2.7
User34;Violet;VioletGreen;2
User34;Blue;BlueRed;2
User34;Violet;VioletRed;2.5
User34;Green;GreenViolet;1.7
User34;Orange;OrangeWhite;2
User34;Red;RedGray;2
User34;Green;GreenBlue;1
User34;Green;GreenYellow;1.7
User34;Black;BlackRed;1
User34;Gray;GrayBlue;2
User34;Violet;VioletYellow;3
User34;White;WhiteYellow;2.3
User34;Green;GreenOrange;0.7
User34;Blue;BlueGray;2.3
User34;Gray;GrayYellow;1.5
User34;Black;BlackYellow;4
User35;Green;GreenGray;1.7
User35;Orange;OrangeBlack;3
User35;Red;RedBlack;3.3
User35;Orange;OrangeViolet;1.3
User35;Yellow;YellowRed;2.3
User35;Gray;GrayViolet;2
User35;Blue;BlueViolet;1
User35;Blue;BlueYellow;1
User35;Yellow;YellowViolet;1.3
User35;Orange;OrangeGreen;2
User35;Violet;VioletGray;2
User35;Gray;GrayGreen;2.7
User35;Blue;BlueBlack;1
User35;White;WhiteGreen;2
User35;Red;RedOrange;2
User35;Blue;BlueGreen;1
User35;Yellow;YellowGray;1.3
User35;Black;BlackGreen;2.7
User35;Red;RedGreen;2.7
User35;Orange;OrangeRed;1.7
User35;Black;BlackBlue;2.5
User35;Red;RedViolet;0.7
User35;Gray;GrayWhite;1.3
User35;White;WhiteViolet;0.5
User35;Orange;OrangeYellow;2.7
User35;Black;BlackViolet;3.3
User35;Yellow;YellowOrange;2
User35;Black;BlackWhite;2.7
User35;Blue;BlueWhite;1.7
User35;Black;BlackGray;2
User35;White;WhiteRed;3
User35;Black;BlackOrange;0.7
User35;Orange;OrangeBlue;3.3
User35;Orange;OrangeGray;2
User35;Yellow;YellowBlack;3.7
User35;Green;GreenWhite;2
User35;Yellow;YellowBlue;0.7
User35;Green;GreenRed;2.3
User35;Yellow;YellowGreen;2
User35;Red;RedWhite;1.7
User35;Violet;VioletBlue;1.3
User35;Red;RedBlue;2.7
User35;Violet;VioletBlack;2.7
User35;Gray;GrayOrange;1.3
User35;Gray;GrayRed;2.3
User35;Red;RedYellow;3
User35;White;WhiteGray;1.7
User35;White;WhiteBlack;2
User35;White;WhiteOrange;3.7
User35;Blue;BlueOrange;0.5
User35;White;WhiteBlue;2
User35;Violet;VioletOrange;1.3
User35;Violet;VioletWhite;1
User35;Yellow;YellowWhite;2
User35;Green;GreenBlack;1.7
User35;Gray;GrayBlack;3.7
User35;Violet;VioletGreen;1.7
User35;Blue;BlueRed;2.3
User35;Violet;VioletRed;2.5
User35;Green;GreenViolet;2.3
User35;Orange;OrangeWhite;1.7
User35;Red;RedGray;3
User35;Green;GreenBlue;2.3
User35;Green;GreenYellow;1.7
User35;Black;BlackRed;2
User35;Gray;GrayBlue;1.3
User35;Violet;VioletYellow;3.3
User35;White;WhiteYellow;1.7
User35;Green;GreenOrange;2
User35;Blue;BlueGray;2.3
User35;Gray;GrayYellow;4
User35;Black;BlackYellow;3
User36;Green;GreenGray;0.7
User36;Orange;OrangeBlack;0
User36;Red;RedBlack;2
User36;Orange;OrangeViolet;4
User36;Yellow;YellowRed;2.3
User36;Gray;GrayViolet;2.3
User36;Blue;BlueViolet;2
User36;Blue;BlueYellow;1.7
User36;Yellow;YellowViolet;2
User36;Orange;OrangeGreen;1
User36;Violet;VioletGray;2.7
User36;Gray;GrayGreen;1
User36;Blue;BlueBlack;2.3
User36;White;WhiteGreen;1.7
User36;Red;RedOrange;2
User36;Blue;BlueGreen;1.3
User36;Yellow;YellowGray;1.3
User36;Black;BlackGreen;2.3
User36;Red;RedGreen;0.7
User36;Orange;OrangeRed;2
User36;Black;BlackBlue;3.5
User36;Red;RedViolet;3.7
User36;Gray;GrayWhite;1.7
User36;White;WhiteViolet;2
User36;Orange;OrangeYellow;0
User36;Black;BlackViolet;3
User36;Yellow;YellowOrange;3.3
User36;Black;BlackWhite;1.3
User36;Blue;BlueWhite;1.3
User36;Black;BlackGray;2.3
User36;White;WhiteRed;2.3
User36;Black;BlackOrange;2
User36;Orange;OrangeBlue;2.3
User36;Orange;OrangeGray;1.7
User36;Yellow;YellowBlack;1.3
User36;Green;GreenWhite;2
User36;Yellow;YellowBlue;1.7
User36;Green;GreenRed;1.3
User36;Yellow;YellowGreen;4
User36;Red;RedWhite;2.7
User36;Violet;VioletBlue;1
User36;Red;RedBlue;1.7
User36;Violet;VioletBlack;1
User36;Gray;GrayOrange;1.3
User36;Gray;GrayRed;0.7
User36;Red;RedYellow;2.7
User36;White;WhiteGray;1.7
User36;White;WhiteBlack;1.3
User36;White;WhiteOrange;1
User36;Blue;BlueOrange;2
User36;White;WhiteBlue;3
User36;Violet;VioletOrange;2.3
User36;Violet;VioletWhite;1
User36;Yellow;YellowWhite;0.5
User36;Green;GreenBlack;2.7
User36;Gray;GrayBlack;2.7
User36;Violet;VioletGreen;3
User36;Blue;BlueRed;1.7
User36;Violet;VioletRed;2
User36;Green;GreenViolet;0.3
User36;Orange;OrangeWhite;2.3
User36;Red;RedGray;2.7
User36;Green;GreenBlue;1.7
User36;Green;GreenYellow;1.7
User36;Black;BlackRed;3
User36;Gray;GrayBlue;1.7
User36;Violet;VioletYellow;2
User36;White;WhiteYellow;1.3
User36;Green;GreenOrange;1.3
User36;Blue;BlueGray;1.3
User36;Gray;GrayYellow;3
User36;Black;BlackYellow;1
User37;Green;GreenGray;2.7
User37;Orange;OrangeBlack;0.7
User37;Red;RedBlack;1
User37;Orange;OrangeViolet;1.7
User37;Yellow;YellowRed;2
User37;Gray;GrayViolet;0.7
User37;Blue;BlueViolet;2.3
User37;Blue;BlueYellow;1.7
User37;Yellow;YellowViolet;2.3
User37;Orange;OrangeGreen;2.3
User37;Violet;VioletGray;2
User37;Gray;GrayGreen;2
User37;Blue;BlueBlack;2.3
User37;White;WhiteGreen;1.3
User37;Red;RedOrange;1.7
User37;Blue;BlueGreen;1.7
User37;Yellow;YellowGray;1.7
User37;Black;BlackGreen;0.3
User37;Red;RedGreen;3
User37;Orange;OrangeRed;2.3
User37;Black;BlackBlue;2
User37;Red;RedViolet;1.7
User37;Gray;GrayWhite;1.7
User37;White;WhiteViolet;2
User37;Orange;OrangeYellow;1.3
User37;Black;BlackViolet;2.3
User37;Yellow;YellowOrange;2
User37;Black;BlackWhite;2.7
User37;Blue;BlueWhite;2.3
User37;Black;BlackGray;2
User37;White;WhiteRed;3
User37;Black;BlackOrange;1.3
User37;Orange;OrangeBlue;2.3
User37;Orange;OrangeGray;2.7
User37;Yellow;YellowBlack;2
User37;Green;GreenWhite;2
User37;Yellow;YellowBlue;3.7
User37;Green;GreenRed;1.7
User37;Yellow;YellowGreen;1.7
User37;Red;RedWhite;1.7
User37;Violet;VioletBlue;0.7
User37;Red;RedBlue;3
User37;Violet;VioletBlack;1.3
User37;Gray;GrayOrange;2.7
User37;Gray;GrayRed;2.3
User37;Red;RedYellow;2.3
User37;White;WhiteGray;2
User37;White;WhiteBlack;1.3
User37;White;WhiteOrange;1.7
User37;Blue;BlueOrange;1.5
User37;White;WhiteBlue;2.3
User37;Violet;VioletOrange;3
User37;Violet;VioletWhite;2.5
User37;Yellow;YellowWhite;2.5
User37;Green;GreenBlack;1
User37;Gray;GrayBlack;1.7
User37;Violet;VioletGreen;1.7
User37;Blue;BlueRed;1.7
User37;Violet;VioletRed;3
User37;Green;GreenViolet;2
User37;Orange;OrangeWhite;1.3
User37;Red;RedGray;2.7
User37;Green;GreenBlue;1.3
User37;Green;GreenYellow;2.3
User37;Black;BlackRed;1.3
User37;Gray;GrayBlue;3
User37;Violet;VioletYellow;2
User37;White;WhiteYellow;1.3
User37;Green;GreenOrange;3
User37;Blue;BlueGray;1.3
User37;Gray;GrayYellow;2
User37;Black;BlackYellow;0
User38;Green;GreenGray;1.7
User38;Orange;OrangeBlack;2.3
User38;Red;RedBlack;2
User38;Orange;OrangeViolet;3.3
User38;Yellow;YellowRed;0.7
User38;Gray;GrayViolet;2.7
User38;Blue;BlueViolet;3
User38;Blue;BlueYellow;1.3
User38;Yellow;YellowViolet;2.7
User38;Orange;OrangeGreen;4
User38;Violet;VioletGray;0.7
User38;Gray;GrayGreen;2
User38;Blue;BlueBlack;2.7
User38;White;WhiteGreen;4
User38;Red;RedOrange;0.3
User38;Blue;BlueGreen;1.7
User38;Yellow;YellowGray;1.7
User38;Black;BlackGreen;2.3
User38;Red;RedGreen;2.3
User38;Orange;OrangeRed;1.7
User38;Black;BlackBlue;2.5
User38;Red;RedViolet;3
User38;Gray;GrayWhite;0
User38;White;WhiteViolet;0
User38;Orange;OrangeYellow;0.7
User38;Black;BlackViolet;3.7
User38;Yellow;YellowOrange;2.3
User38;Black;BlackWhite;1.3
User38;Blue;BlueWhite;3.7
User38;Black;BlackGray;2.7
User38;White;WhiteRed;2
User38;Black;BlackOrange;2.7
User38;Orange;OrangeBlue;1
User38;Orange;OrangeGray;1.7
User38;Yellow;YellowBlack;2.7
User38;Green;GreenWhite;1.7
User38;Yellow;YellowBlue;3.7
User38;Green;GreenRed;1
User38;Yellow;YellowGreen;2.7
User38;Red;RedWhite;1.7
User38;Violet;VioletBlue;2.7
User38;Red;RedBlue;3.3
User38;Violet;VioletBlack;3.3
User38;Gray;GrayOrange;2.3
User38;Gray;GrayRed;2
User38;Red;RedYellow;2.7
User38;White;WhiteGray;3
User38;White;WhiteBlack;2.7
User38;White;WhiteOrange;1
User38;Blue;BlueOrange;0.5
User38;White;WhiteBlue;3.3
User38;Violet;VioletOrange;3
User38;Violet;VioletWhite;3
User38;Yellow;YellowWhite;2.5
User38;Green;GreenBlack;1.3
User38;Gray;GrayBlack;3.3
User38;Violet;VioletGreen;1
User38;Blue;BlueRed;0.3
User38;Violet;VioletRed;3
User38;Green;GreenViolet;1.3
User38;Orange;OrangeWhite;1.7
User38;Red;RedGray;2.7
User38;Green;GreenBlue;1.7
User38;Green;GreenYellow;2.3
User38;Black;BlackRed;2.7
User38;Gray;GrayBlue;2.3
User38;Violet;VioletYellow;2.7
User38;White;WhiteYellow;0.3
User38;Green;GreenOrange;2
User38;Blue;BlueGray;3.3
User38;Gray;GrayYellow;1.5
User38;Black;BlackYellow;0
User39;Green;GreenGray;1.7
User39;Orange;OrangeBlack;2
User39;Red;RedBlack;3.3
User39;Orange;OrangeViolet;3.3
User39;Yellow;YellowRed;2.3
User39;Gray;GrayViolet;2
User39;Blue;BlueViolet;3.3
User39;Blue;BlueYellow;1
User39;Yellow;YellowViolet;3
User39;Orange;OrangeGreen;0.3
User39;Violet;VioletGray;1.3
User39;Gray;GrayGreen;3
User39;Blue;BlueBlack;1.7
User39;White;WhiteGreen;3
User39;Red;RedOrange;2.3
User39;Blue;BlueGreen;1.3
User39;Yellow;YellowGray;1.3
User39;Black;BlackGreen;2.3
User39;Red;RedGreen;1.7
User39;Orange;OrangeRed;1.3
User39;Black;BlackBlue;0.5
User39;Red;RedViolet;2
User39;Gray;GrayWhite;3
User39;White;WhiteViolet;3
User39;Orange;OrangeYellow;1.3
User39;Black;BlackViolet;2.3
User39;Yellow;YellowOrange;2.7
User39;Black;BlackWhite;1
User39;Blue;BlueWhite;2
User39;Black;BlackGray;1.3
User39;White;WhiteRed;2.7
User39;Black;BlackOrange;2
User39;Orange;OrangeBlue;0.7
User39;Orange;OrangeGray;0.7
User39;Yellow;YellowBlack;1.7
User39;Green;GreenWhite;1
User39;Yellow;YellowBlue;1.3
User39;Green;GreenRed;2.7
User39;Yellow;YellowGreen;0.3
User39;Red;RedWhite;3
User39;Violet;VioletBlue;0.7
User39;Red;RedBlue;3.3
User39;Violet;VioletBlack;0.7
User39;Gray;GrayOrange;1
User39;Gray;GrayRed;3.7
User39;Red;RedYellow;3.3
User39;White;WhiteGray;3
User39;White;WhiteBlack;3
User39;White;WhiteOrange;2.3
User39;Blue;BlueOrange;2
User39;White;WhiteBlue;2.7
User39;Violet;VioletOrange;1.3
User39;Violet;VioletWhite;0
User39;Yellow;YellowWhite;3
User39;Green;GreenBlack;1.3
User39;Gray;GrayBlack;2.7
User39;Violet;VioletGreen;1.7
User39;Blue;BlueRed;3.3
User39;Violet;VioletRed;1.5
User39;Green;GreenViolet;3
User39;Orange;OrangeWhite;2
User39;Red;RedGray;0
User39;Green;GreenBlue;1.7
User39;Green;GreenYellow;2
User39;Black;BlackRed;3.7
User39;Gray;GrayBlue;0.7
User39;Violet;VioletYellow;2.7
User39;White;WhiteYellow;2
User39;Green;GreenOrange;2.3
User39;Blue;BlueGray;2.3
User39;Gray;GrayYellow;3.5
User39;Black;BlackYellow;2
User40;Green;GreenGray;3
User40;Orange;OrangeBlack;2.7
User40;Red;RedBlack;2.7
User40;Orange;OrangeViolet;1.3
User40;Yellow;YellowRed;2.3
User40;Gray;GrayViolet;1.3
User40;Blue;BlueViolet;4
User40;Blue;BlueYellow;1.7
User40;Yellow;YellowViolet;3
User40;Orange;OrangeGreen;2.7
User40;Violet;VioletGray;1.3
User40;Gray;GrayGreen;2
User40;Blue;BlueBlack;1.7
User40;White;WhiteGreen;2.3
User40;Red;RedOrange;2
User40;Blue;BlueGreen;3.7
User40;Yellow;YellowGray;2.3
User40;Black;BlackGreen;3.7
User40;Red;RedGreen;1
User40;Orange;OrangeRed;1.7
User40;Black;BlackBlue;1
User40;Red;RedViolet;3
User40;Gray;GrayWhite;0.3
User40;White;WhiteViolet;3
User40;Orange;OrangeYellow;2.7
User40;Black;BlackViolet;1.7
User40;Yellow;YellowOrange;2.3
User40;Black;BlackWhite;2.7
User40;Blue;BlueWhite;2.7
User40;Black;BlackGray;1.7
User40;White;WhiteRed;1.7
User40;Black;BlackOrange;3.7
User40;Orange;OrangeBlue;1.7
User40;Orange;OrangeGray;2.7
User40;Yellow;YellowBlack;2.3
User40;Green;GreenWhite;3.3
User40;Yellow;YellowBlue;2
User40;Green;GreenRed;3
User40;Yellow;YellowGreen;2.3
User40;Red;RedWhite;2
User40;Violet;VioletBlue;3
User40;Red;RedBlue;3
User40;Violet;VioletBlack;2.7
User40;Gray;GrayOrange;1.7
User40;Gray;GrayRed;3
User40;Red;RedYellow;2.3
User40;White;WhiteGray;3
User40;White;WhiteBlack;1.3
User40;White;WhiteOrange;2
User40;Blue;BlueOrange;3.5
User40;White;WhiteBlue;0.7
User40;Violet;VioletOrange;2.7
User40;Violet;VioletWhite;2
User40;Yellow;YellowWhite;2
User40;Green;GreenBlack;3.3
User40;Gray;GrayBlack;2.3
User40;Violet;VioletGreen;1.7
User40;Blue;BlueRed;1.7
User40;Violet;VioletRed;4
User40;Green;GreenViolet;1.3
User40;Orange;OrangeWhite;2.7
User40;Red;RedGray;1.7
User40;Green;GreenBlue;1.3
User40;Green;GreenYellow;0.7
User40;Black;BlackRed;3
User40;Gray;GrayBlue;3
User40;Violet;VioletYellow;2.7
User40;White;WhiteYellow;1.3
User40;Green;GreenOrange;1.3
User40;Blue;BlueGray;2
User40;Gray;GrayYellow;2.5
User40;Black;BlackYellow;1
User41;Green;GreenGray;1.3
User41;Orange;OrangeBlack;2.7
User41;Red;RedBlack;2
User41;Orange;OrangeViolet;1.3
User41;Yellow;YellowRed;3
User41;Gray;GrayViolet;3.7
User41;Blue;BlueViolet;1.3
User41;Blue;BlueYellow;1
User41;Yellow;YellowViolet;1
User41;Orange;OrangeGreen;3.7
User41;Violet;VioletGray;0.7
User41;Gray;GrayGreen;0.7
User41;Blue;BlueBlack;2.3
User41;White;WhiteGreen;2.7
User41;Red;RedOrange;3
User41;Blue;BlueGreen;2.7
User41;Yellow;YellowGray;2.7
User41;Black;BlackGreen;2.3
User41;Red;RedGreen;1.3
User41;Orange;OrangeRed;2.7
User41;Black;BlackBlue;3
User41;Red;RedViolet;2
User41;Gray;GrayWhite;1
User41;White;WhiteViolet;1.5
User41;Orange;OrangeYellow;2.3
User41;Black;BlackViolet;2
User41;Yellow;YellowOrange;1.7
User41;Black;BlackWhite;3.3
User41;Blue;BlueWhite;3.3
User41;Black;BlackGray;2
User41;White;WhiteRed;2.7
User41;Black;BlackOrange;1.3
User41;Orange;OrangeBlue;1.3
User41;Orange;OrangeGray;2.3
User41;Yellow;YellowBlack;2.3
User41;Green;GreenWhite;2
User41;Yellow;YellowBlue;1.3
User41;Green;GreenRed;2.3
User41;Yellow;YellowGreen;1.3
User41;Red;RedWhite;2
User41;Violet;VioletBlue;2.7
User41;Red;RedBlue;2.7
User41;Violet;VioletBlack;2.7
User41;Gray;GrayOrange;2
User41;Gray;GrayRed;2
User41;Red;RedYellow;1.7
User41;White;WhiteGray;2
User41;White;WhiteBlack;3.3
User41;White;WhiteOrange;1
User41;Blue;BlueOrange;2.5
User41;White;WhiteBlue;1.3
User41;Violet;VioletOrange;2.3
User41;Violet;VioletWhite;2
User41;Yellow;YellowWhite;1.5
User41;Green;GreenBlack;2
User41;Gray;GrayBlack;1.7
User41;Violet;VioletGreen;2.7
User41;Blue;BlueRed;1.7
User41;Violet;VioletRed;3
User41;Green;GreenViolet;0.3
User41;Orange;OrangeWhite;2
User41;Red;RedGray;2
User41;Green;GreenBlue;2.3
User41;Green;GreenYellow;1.7
User41;Black;BlackRed;1.3
User41;Gray;GrayBlue;1.7
User41;Violet;VioletYellow;2.3
User41;White;WhiteYellow;2
User41;Green;GreenOrange;0.3
User41;Blue;BlueGray;2.3
User41;Gray;GrayYellow;3
User41;Black;BlackYellow;0
User42;Green;GreenGray;1.3
User42;Orange;OrangeBlack;0.7
User42;Red;RedBlack;3.3
User42;Orange;OrangeViolet;1.3
User42;Yellow;YellowRed;3
User42;Gray;GrayViolet;1.7
User42;Blue;BlueViolet;2.3
User42;Blue;BlueYellow;1
User42;Yellow;YellowViolet;2
User42;Orange;OrangeGreen;1.7
User42;Violet;VioletGray;2.3
User42;Gray;GrayGreen;2
User42;Blue;BlueBlack;2.7
User42;White;WhiteGreen;3
User42;Red;RedOrange;1.3
User42;Blue;BlueGreen;3
User42;Yellow;YellowGray;3
User42;Black;BlackGreen;1
User42;Red;RedGreen;2
User42;Orange;OrangeRed;2.7
User42;Black;BlackBlue;1.5
User42;Red;RedViolet;1.7
User42;Gray;GrayWhite;2.7
User42;White;WhiteViolet;2.5
User42;Orange;OrangeYellow;3
User42;Black;BlackViolet;2.3
User42;Yellow;YellowOrange;3.3
User42;Black;BlackWhite;1.7
User42;Blue;BlueWhite;1.7
User42;Black;BlackGray;2.3
User42;White;WhiteRed;1.7
User42;Black;BlackOrange;2
User42;Orange;OrangeBlue;0.3
User42;Orange;OrangeGray;2
User42;Yellow;YellowBlack;2.3
User42;Green;GreenWhite;2.7
User42;Yellow;YellowBlue;1
User42;Green;GreenRed;2.3
User42;Yellow;YellowGreen;1.7
User42;Red;RedWhite;1.7
User42;Violet;VioletBlue;0.3
User42;Red;RedBlue;0.7
User42;Violet;VioletBlack;1.7
User42;Gray;GrayOrange;1.3
User42;Gray;GrayRed;3
User42;Red;RedYellow;1.7
User42;White;WhiteGray;2.3
User42;White;WhiteBlack;2.3
User42;White;WhiteOrange;1.3
User42;Blue;BlueOrange;1.5
User42;White;WhiteBlue;1.7
User42;Violet;VioletOrange;0.7
User42;Violet;VioletWhite;4
User42;Yellow;YellowWhite;3.5
User42;Green;GreenBlack;1
User42;Gray;GrayBlack;2.7
User42;Violet;VioletGreen;0
User42;Blue;BlueRed;2
User42;Violet;VioletRed;3
User42;Green;GreenViolet;1.3
User42;Orange;OrangeWhite;0.3
User42;Red;RedGray;1
User42;Green;GreenBlue;1
User42;Green;GreenYellow;1.7
User42;Black;BlackRed;2
User42;Gray;GrayBlue;2.7
User42;Violet;VioletYellow;0.7
User42;White;WhiteYellow;0.3
User42;Green;GreenOrange;2.3
User42;Blue;BlueGray;2
User42;Gray;GrayYellow;1.5
User42;Black;BlackYellow;2
